<?xml version="1.0" encoding="UTF-8"?>
<kml xmlns="http://www.opengis.net/kml/2.2">
  <Document>
    <name>4 парка!</name>
    <description><![CDATA[<a href="https://www.mnogotrop.com/route/76056" target="_blank">Источник: mnogotrop.com/route/76056</a>
<p>Восточный городской маршрут через Измайловский, Терлецкий, Кусковский и Жулебинский парки.</p>
<p>Трек сочетает парковые дорожки, лесные участки, небольшие переезды между районами и несколько удобных точек для остановок.</p>
<p>Особенности: есть грунтовые и лесные фрагменты, поэтому после дождя маршрут может быть грязным.</p>]]></description>
    <Style id="route-line">
      <LineStyle>
        <color>ffd18802</color>
        <width>5</width>
      </LineStyle>
    </Style>
    <Style id="poi-point">
      <IconStyle>
        <color>ff3644db</color>
        <scale>1.0</scale>
        <Icon>
          <href>https://www.gstatic.com/mapspro/images/stock/503-wht-blank_maps.png</href>
        </Icon>
      </IconStyle>
    </Style>
    <Placemark>
      <name>Терлецкий парк упало дерево</name>
      <description><![CDATA[<p><b>Адрес:</b> Свободный просп., 1А, Москва</p>]]></description>
      <styleUrl>#poi-point</styleUrl>
      <Point>
        <coordinates>37.8199720,55.7701380,0.0</coordinates>
      </Point>
    </Placemark>
    <Placemark>
      <name>Терлецкий лесопарк</name>
      <description><![CDATA[<p><b>Адрес:</b> ул. Металлургов, 41 строение 2
Москва
Россия</p>]]></description>
      <styleUrl>#poi-point</styleUrl>
      <Point>
        <coordinates>37.8131810,55.7632580,0.0</coordinates>
      </Point>
    </Placemark>
    <Placemark>
      <name>Въезд в Кусково</name>
      <description><![CDATA[<p><b>Адрес:</b> Рассветная ал., 10, Москва</p>]]></description>
      <styleUrl>#poi-point</styleUrl>
      <Point>
        <coordinates>37.7947600,55.7387800,0.0</coordinates>
      </Point>
    </Placemark>
    <Placemark>
      <name>Памятник старым дубам :-D</name>
      <description><![CDATA[<p><b>Адрес:</b> Кусковский просек
Москва</p>]]></description>
      <styleUrl>#poi-point</styleUrl>
      <Point>
        <coordinates>37.7936450,55.7339410,0.0</coordinates>
      </Point>
    </Placemark>
    <Placemark>
      <name>Выхино</name>
      <description><![CDATA[<p><b>Адрес:</b> ул. Красный Казанец, 18, Москва</p>]]></description>
      <styleUrl>#poi-point</styleUrl>
      <Point>
        <coordinates>37.8191810,55.7157680,0.0</coordinates>
      </Point>
    </Placemark>
    <Placemark>
      <name>Жулебинкий лесопарк</name>
      <description><![CDATA[<p><b>Адрес:</b> Привольная ул., 17, Москва</p>]]></description>
      <styleUrl>#poi-point</styleUrl>
      <Point>
        <coordinates>37.8387880,55.6975110,0.0</coordinates>
      </Point>
    </Placemark>
    <Placemark>
      <name>Дорога к улице привольная</name>
      <description><![CDATA[<p><b>Адрес:</b> район Выхино-Жулебино, Москва</p>]]></description>
      <styleUrl>#poi-point</styleUrl>
      <Point>
        <coordinates>37.8329150,55.6886220,0.0</coordinates>
      </Point>
    </Placemark>
    <Placemark>
      <name>Конец</name>
      <description><![CDATA[<p><b>Адрес:</b> Привольная ул., 42, Москва</p>]]></description>
      <styleUrl>#poi-point</styleUrl>
      <Point>
        <coordinates>37.8501500,55.6919920,0.0</coordinates>
      </Point>
    </Placemark>
    <Placemark>
      <name>4 парка!</name>
      <styleUrl>#route-line</styleUrl>
      <LineString>
        <tessellate>1</tessellate>
        <altitudeMode>clampToGround</altitudeMode>
        <coordinates>
          37.8127860,55.8091200,0.0
          37.8127860,55.8091200,0.0
          37.8127900,55.8091180,0.0
          37.8127910,55.8091170,0.0
          37.8127910,55.8091180,0.0
          37.8127910,55.8091170,0.0
          37.8127910,55.8091180,0.0
          37.8127900,55.8091180,0.0
          37.8127890,55.8091190,0.0
          37.8127880,55.8091200,0.0
          37.8127890,55.8091200,0.0
          37.8127880,55.8091200,0.0
          37.8127880,55.8091210,0.0
          37.8127870,55.8091210,0.0
          37.8127860,55.8091210,0.0
          37.8127860,55.8091200,0.0
          37.8127860,55.8091210,0.0
          37.8127860,55.8091220,0.0
          37.8127850,55.8091310,0.0
          37.8127950,55.8091470,0.0
          37.8127940,55.8091520,0.0
          37.8127840,55.8091270,0.0
          37.8127800,55.8091330,0.0
          37.8127860,55.8091300,0.0
          37.8127740,55.8091210,0.0
          37.8127610,55.8091180,0.0
          37.8127550,55.8091220,0.0
          37.8127500,55.8091250,0.0
          37.8127460,55.8091240,0.0
          37.8127310,55.8091250,0.0
          37.8127360,55.8091270,0.0
          37.8127340,55.8091160,0.0
          37.8127330,55.8091100,0.0
          37.8127350,55.8091010,0.0
          37.8127360,55.8090990,0.0
          37.8127360,55.8090980,0.0
          37.8127360,55.8090990,0.0
          37.8127370,55.8090980,0.0
          37.8127360,55.8090980,0.0
          37.8127370,55.8090990,0.0
          37.8127370,55.8091000,0.0
          37.8127370,55.8091010,0.0
          37.8127300,55.8091200,0.0
          37.8127240,55.8091080,0.0
          37.8127220,55.8091090,0.0
          37.8127180,55.8091130,0.0
          37.8127150,55.8091190,0.0
          37.8127120,55.8091240,0.0
          37.8127110,55.8091350,0.0
          37.8127100,55.8091420,0.0
          37.8127070,55.8091430,0.0
          37.8127030,55.8091430,0.0
          37.8127060,55.8091480,0.0
          37.8127050,55.8091470,0.0
          37.8127050,55.8091460,0.0
          37.8127040,55.8091480,0.0
          37.8127030,55.8091480,0.0
          37.8127040,55.8091490,0.0
          37.8127040,55.8091500,0.0
          37.8127050,55.8091500,0.0
          37.8127050,55.8091510,0.0
          37.8127050,55.8091500,0.0
          37.8127050,55.8091490,0.0
          37.8127340,55.8091500,0.0
          37.8127620,55.8091430,0.0
          37.8127720,55.8091580,0.0
          37.8127500,55.8091800,0.0
          37.8127320,55.8091880,0.0
          37.8127110,55.8091880,0.0
          37.8126780,55.8091960,0.0
          37.8126450,55.8091960,0.0
          37.8126000,55.8092040,0.0
          37.8125760,55.8092100,0.0
          37.8125370,55.8092070,0.0
          37.8125160,55.8092170,0.0
          37.8124940,55.8092160,0.0
          37.8124710,55.8092260,0.0
          37.8124440,55.8092210,0.0
          37.8124460,55.8092100,0.0
          37.8124130,55.8092020,0.0
          37.8123630,55.8092160,0.0
          37.8123490,55.8092220,0.0
          37.8123280,55.8092320,0.0
          37.8122880,55.8092270,0.0
          37.8122730,55.8092050,0.0
          37.8122230,55.8091920,0.0
          37.8121770,55.8092120,0.0
          37.8121390,55.8092090,0.0
          37.8121120,55.8091970,0.0
          37.8120680,55.8092150,0.0
          37.8120400,55.8092180,0.0
          37.8120190,55.8092250,0.0
          37.8120110,55.8092210,0.0
          37.8119810,55.8092240,0.0
          37.8119700,55.8092320,0.0
          37.8119560,55.8092330,0.0
          37.8119350,55.8092460,0.0
          37.8118890,55.8092530,0.0
          37.8118740,55.8092670,0.0
          37.8118470,55.8092680,0.0
          37.8118450,55.8092760,0.0
          37.8118350,55.8092660,0.0
          37.8118100,55.8092600,0.0
          37.8118110,55.8092320,0.0
          37.8117790,55.8091910,0.0
          37.8117340,55.8091580,0.0
          37.8117060,55.8091530,0.0
          37.8116530,55.8091020,0.0
          37.8116180,55.8090780,0.0
          37.8116390,55.8090530,0.0
          37.8116500,55.8090160,0.0
          37.8116460,55.8089960,0.0
          37.8116360,55.8089760,0.0
          37.8116270,55.8089560,0.0
          37.8116090,55.8089350,0.0
          37.8116100,55.8089000,0.0
          37.8116000,55.8088810,0.0
          37.8116010,55.8088310,0.0
          37.8116160,55.8087950,0.0
          37.8116220,55.8087620,0.0
          37.8116020,55.8087420,0.0
          37.8116000,55.8086880,0.0
          37.8115950,55.8086600,0.0
          37.8115930,55.8086030,0.0
          37.8115910,55.8085800,0.0
          37.8115800,55.8085270,0.0
          37.8115950,55.8085040,0.0
          37.8115940,55.8084660,0.0
          37.8115780,55.8084380,0.0
          37.8115880,55.8084160,0.0
          37.8115880,55.8083930,0.0
          37.8115840,55.8083700,0.0
          37.8115870,55.8083490,0.0
          37.8115940,55.8083290,0.0
          37.8115970,55.8083000,0.0
          37.8116240,55.8082750,0.0
          37.8116390,55.8082380,0.0
          37.8116470,55.8082080,0.0
          37.8116560,55.8081750,0.0
          37.8116450,55.8081540,0.0
          37.8116480,55.8081310,0.0
          37.8116620,55.8080900,0.0
          37.8116610,55.8080620,0.0
          37.8116700,55.8080270,0.0
          37.8116620,55.8080040,0.0
          37.8116860,55.8079670,0.0
          37.8116910,55.8079360,0.0
          37.8117010,55.8079100,0.0
          37.8117070,55.8078910,0.0
          37.8117120,55.8078590,0.0
          37.8117120,55.8078230,0.0
          37.8116880,55.8077870,0.0
          37.8116990,55.8077700,0.0
          37.8117070,55.8077570,0.0
          37.8117240,55.8077080,0.0
          37.8116860,55.8076800,0.0
          37.8116730,55.8076490,0.0
          37.8116850,55.8075860,0.0
          37.8117230,55.8075510,0.0
          37.8117490,55.8075030,0.0
          37.8117680,55.8074650,0.0
          37.8118130,55.8074230,0.0
          37.8118400,55.8074310,0.0
          37.8118030,55.8074200,0.0
          37.8118090,55.8073830,0.0
          37.8118080,55.8073630,0.0
          37.8118370,55.8073020,0.0
          37.8118400,55.8072990,0.0
          37.8118380,55.8072660,0.0
          37.8118420,55.8072470,0.0
          37.8118540,55.8072120,0.0
          37.8118860,55.8071700,0.0
          37.8119210,55.8071300,0.0
          37.8119100,55.8070820,0.0
          37.8118480,55.8070270,0.0
          37.8118610,55.8069780,0.0
          37.8118650,55.8069460,0.0
          37.8118740,55.8068960,0.0
          37.8118830,55.8068700,0.0
          37.8118880,55.8068410,0.0
          37.8118870,55.8068030,0.0
          37.8118770,55.8067740,0.0
          37.8118880,55.8067400,0.0
          37.8118850,55.8066980,0.0
          37.8118800,55.8066550,0.0
          37.8118680,55.8066240,0.0
          37.8118890,55.8065790,0.0
          37.8119170,55.8065270,0.0
          37.8119240,55.8064770,0.0
          37.8119280,55.8064360,0.0
          37.8119390,55.8064000,0.0
          37.8119580,55.8063510,0.0
          37.8119640,55.8063180,0.0
          37.8119720,55.8062790,0.0
          37.8119890,55.8062330,0.0
          37.8120080,55.8061860,0.0
          37.8120160,55.8061450,0.0
          37.8119890,55.8061160,0.0
          37.8119780,55.8060860,0.0
          37.8119830,55.8060510,0.0
          37.8119880,55.8060120,0.0
          37.8120140,55.8059710,0.0
          37.8120340,55.8059450,0.0
          37.8120300,55.8059000,0.0
          37.8120450,55.8058630,0.0
          37.8120570,55.8058300,0.0
          37.8120640,55.8057890,0.0
          37.8120260,55.8057630,0.0
          37.8120490,55.8057310,0.0
          37.8120510,55.8057060,0.0
          37.8120490,55.8056860,0.0
          37.8120570,55.8056420,0.0
          37.8120430,55.8055860,0.0
          37.8120100,55.8055580,0.0
          37.8120350,55.8055120,0.0
          37.8120270,55.8054610,0.0
          37.8120320,55.8054110,0.0
          37.8119900,55.8053780,0.0
          37.8119690,55.8053100,0.0
          37.8120000,55.8052660,0.0
          37.8120910,55.8052040,0.0
          37.8120640,55.8051650,0.0
          37.8120290,55.8051520,0.0
          37.8120470,55.8051100,0.0
          37.8120740,55.8050640,0.0
          37.8120960,55.8050100,0.0
          37.8121220,55.8049700,0.0
          37.8121170,55.8049350,0.0
          37.8121630,55.8048750,0.0
          37.8121540,55.8048660,0.0
          37.8121330,55.8048200,0.0
          37.8121040,55.8047760,0.0
          37.8120860,55.8047110,0.0
          37.8120810,55.8046690,0.0
          37.8120660,55.8046180,0.0
          37.8120720,55.8045520,0.0
          37.8120630,55.8045440,0.0
          37.8120850,55.8045030,0.0
          37.8120850,55.8044560,0.0
          37.8120990,55.8044240,0.0
          37.8121020,55.8043940,0.0
          37.8121030,55.8043550,0.0
          37.8121180,55.8043110,0.0
          37.8121330,55.8042750,0.0
          37.8121250,55.8042450,0.0
          37.8121360,55.8041760,0.0
          37.8121400,55.8041280,0.0
          37.8121490,55.8040810,0.0
          37.8121500,55.8040290,0.0
          37.8121370,55.8039550,0.0
          37.8121550,55.8039000,0.0
          37.8121580,55.8038480,0.0
          37.8121760,55.8038130,0.0
          37.8121420,55.8037690,0.0
          37.8121720,55.8036980,0.0
          37.8121770,55.8036500,0.0
          37.8121970,55.8035760,0.0
          37.8121820,55.8035250,0.0
          37.8121990,55.8035000,0.0
          37.8122060,55.8034880,0.0
          37.8121760,55.8034440,0.0
          37.8121460,55.8034130,0.0
          37.8121170,55.8033820,0.0
          37.8120930,55.8033750,0.0
          37.8120660,55.8033630,0.0
          37.8120370,55.8033410,0.0
          37.8120270,55.8033270,0.0
          37.8120260,55.8033210,0.0
          37.8119820,55.8033440,0.0
          37.8119880,55.8033580,0.0
          37.8119610,55.8033660,0.0
          37.8119540,55.8033680,0.0
          37.8119440,55.8033650,0.0
          37.8119050,55.8033410,0.0
          37.8118990,55.8033250,0.0
          37.8118960,55.8033200,0.0
          37.8118940,55.8033160,0.0
          37.8118950,55.8033110,0.0
          37.8118850,55.8033070,0.0
          37.8118930,55.8033100,0.0
          37.8118880,55.8033120,0.0
          37.8118910,55.8033120,0.0
          37.8118940,55.8033100,0.0
          37.8118930,55.8033060,0.0
          37.8118920,55.8032830,0.0
          37.8118930,55.8032660,0.0
          37.8118960,55.8032540,0.0
          37.8118960,55.8032300,0.0
          37.8118790,55.8032050,0.0
          37.8119100,55.8031900,0.0
          37.8118950,55.8031630,0.0
          37.8119020,55.8031450,0.0
          37.8119020,55.8031230,0.0
          37.8119020,55.8030980,0.0
          37.8118920,55.8030800,0.0
          37.8119030,55.8030490,0.0
          37.8119130,55.8030210,0.0
          37.8119130,55.8029730,0.0
          37.8119250,55.8029460,0.0
          37.8119420,55.8029160,0.0
          37.8119540,55.8028800,0.0
          37.8119540,55.8028380,0.0
          37.8119760,55.8027960,0.0
          37.8119440,55.8027630,0.0
          37.8119550,55.8027140,0.0
          37.8119520,55.8026860,0.0
          37.8119520,55.8026420,0.0
          37.8119650,55.8026110,0.0
          37.8119800,55.8025690,0.0
          37.8119800,55.8025310,0.0
          37.8119750,55.8024950,0.0
          37.8119790,55.8024520,0.0
          37.8119910,55.8024160,0.0
          37.8119940,55.8023910,0.0
          37.8120280,55.8023500,0.0
          37.8120070,55.8023180,0.0
          37.8120040,55.8022750,0.0
          37.8120200,55.8022390,0.0
          37.8120300,55.8022100,0.0
          37.8120120,55.8021880,0.0
          37.8120280,55.8021520,0.0
          37.8120230,55.8021150,0.0
          37.8120040,55.8020580,0.0
          37.8119610,55.8020330,0.0
          37.8119800,55.8019970,0.0
          37.8119250,55.8019450,0.0
          37.8119320,55.8019020,0.0
          37.8119390,55.8018570,0.0
          37.8119410,55.8018240,0.0
          37.8119650,55.8017840,0.0
          37.8119110,55.8017340,0.0
          37.8119220,55.8016880,0.0
          37.8119470,55.8016500,0.0
          37.8119780,55.8016070,0.0
          37.8119990,55.8015670,0.0
          37.8119990,55.8015620,0.0
          37.8120150,55.8015300,0.0
          37.8120120,55.8014960,0.0
          37.8120200,55.8014640,0.0
          37.8120060,55.8014220,0.0
          37.8120030,55.8013840,0.0
          37.8120020,55.8013490,0.0
          37.8120000,55.8013200,0.0
          37.8119860,55.8012730,0.0
          37.8119560,55.8012330,0.0
          37.8119610,55.8012050,0.0
          37.8119500,55.8011620,0.0
          37.8119680,55.8011180,0.0
          37.8119550,55.8010770,0.0
          37.8119910,55.8010400,0.0
          37.8119830,55.8010020,0.0
          37.8119840,55.8009780,0.0
          37.8119580,55.8009540,0.0
          37.8119710,55.8009230,0.0
          37.8119840,55.8008880,0.0
          37.8120200,55.8008500,0.0
          37.8120150,55.8008190,0.0
          37.8120050,55.8007860,0.0
          37.8119950,55.8007840,0.0
          37.8119810,55.8007440,0.0
          37.8119990,55.8007070,0.0
          37.8120510,55.8006610,0.0
          37.8120610,55.8006430,0.0
          37.8120500,55.8006090,0.0
          37.8120700,55.8005770,0.0
          37.8120840,55.8005580,0.0
          37.8120780,55.8005240,0.0
          37.8121030,55.8004760,0.0
          37.8121100,55.8004360,0.0
          37.8121150,55.8003800,0.0
          37.8121640,55.8003360,0.0
          37.8122170,55.8002900,0.0
          37.8122270,55.8002380,0.0
          37.8122090,55.8001800,0.0
          37.8122800,55.8001520,0.0
          37.8122490,55.8001130,0.0
          37.8122410,55.8000890,0.0
          37.8122760,55.8000490,0.0
          37.8122780,55.8000020,0.0
          37.8123200,55.7999580,0.0
          37.8123420,55.7999030,0.0
          37.8122830,55.7998400,0.0
          37.8121960,55.7997800,0.0
          37.8121830,55.7997150,0.0
          37.8121610,55.7996960,0.0
          37.8121110,55.7996320,0.0
          37.8120590,55.7996170,0.0
          37.8120680,55.7995850,0.0
          37.8121080,55.7994980,0.0
          37.8121240,55.7994610,0.0
          37.8121150,55.7994230,0.0
          37.8120980,55.7993950,0.0
          37.8120930,55.7993650,0.0
          37.8120900,55.7993400,0.0
          37.8121150,55.7993000,0.0
          37.8120900,55.7992680,0.0
          37.8121120,55.7992420,0.0
          37.8121180,55.7992200,0.0
          37.8121190,55.7991720,0.0
          37.8121250,55.7991270,0.0
          37.8121180,55.7991110,0.0
          37.8121160,55.7990710,0.0
          37.8121220,55.7990390,0.0
          37.8120900,55.7989980,0.0
          37.8121060,55.7989300,0.0
          37.8120980,55.7988760,0.0
          37.8121270,55.7988290,0.0
          37.8121440,55.7987730,0.0
          37.8120990,55.7987340,0.0
          37.8121260,55.7987000,0.0
          37.8121190,55.7986660,0.0
          37.8121110,55.7986350,0.0
          37.8121240,55.7985790,0.0
          37.8121400,55.7985480,0.0
          37.8121400,55.7985090,0.0
          37.8121450,55.7984670,0.0
          37.8121390,55.7984360,0.0
          37.8121520,55.7983880,0.0
          37.8121450,55.7983640,0.0
          37.8121440,55.7983230,0.0
          37.8121480,55.7982680,0.0
          37.8121690,55.7982230,0.0
          37.8121910,55.7981830,0.0
          37.8121870,55.7981260,0.0
          37.8121870,55.7980790,0.0
          37.8122290,55.7980150,0.0
          37.8122430,55.7979600,0.0
          37.8122520,55.7979120,0.0
          37.8122510,55.7978650,0.0
          37.8122460,55.7978200,0.0
          37.8122370,55.7977670,0.0
          37.8122480,55.7977140,0.0
          37.8122540,55.7976610,0.0
          37.8122650,55.7976320,0.0
          37.8122330,55.7976040,0.0
          37.8121930,55.7975700,0.0
          37.8121920,55.7975400,0.0
          37.8122040,55.7974960,0.0
          37.8122230,55.7974640,0.0
          37.8122040,55.7974240,0.0
          37.8122160,55.7973720,0.0
          37.8122390,55.7973450,0.0
          37.8122610,55.7973170,0.0
          37.8122420,55.7972700,0.0
          37.8122200,55.7972200,0.0
          37.8122360,55.7971770,0.0
          37.8122550,55.7971470,0.0
          37.8122440,55.7971030,0.0
          37.8122500,55.7970870,0.0
          37.8122490,55.7970700,0.0
          37.8122700,55.7970460,0.0
          37.8122670,55.7970210,0.0
          37.8122650,55.7969910,0.0
          37.8122610,55.7969620,0.0
          37.8122780,55.7969330,0.0
          37.8122740,55.7969030,0.0
          37.8122830,55.7968860,0.0
          37.8122850,55.7968720,0.0
          37.8123020,55.7968540,0.0
          37.8123140,55.7968350,0.0
          37.8123140,55.7968200,0.0
          37.8123110,55.7967970,0.0
          37.8123090,55.7967700,0.0
          37.8123030,55.7967400,0.0
          37.8122830,55.7967160,0.0
          37.8122950,55.7966690,0.0
          37.8122800,55.7966340,0.0
          37.8122820,55.7966000,0.0
          37.8122720,55.7965520,0.0
          37.8123030,55.7965110,0.0
          37.8123040,55.7964730,0.0
          37.8123180,55.7964370,0.0
          37.8122980,55.7963830,0.0
          37.8123080,55.7963430,0.0
          37.8122990,55.7963160,0.0
          37.8122850,55.7962710,0.0
          37.8122790,55.7962360,0.0
          37.8122890,55.7962020,0.0
          37.8122920,55.7961630,0.0
          37.8122510,55.7961430,0.0
          37.8122300,55.7961010,0.0
          37.8122100,55.7960580,0.0
          37.8122230,55.7960260,0.0
          37.8122380,55.7959830,0.0
          37.8122510,55.7959410,0.0
          37.8122520,55.7959040,0.0
          37.8122650,55.7958620,0.0
          37.8122920,55.7958270,0.0
          37.8123150,55.7957880,0.0
          37.8123330,55.7957310,0.0
          37.8123060,55.7956910,0.0
          37.8123030,55.7956570,0.0
          37.8123340,55.7956210,0.0
          37.8123300,55.7956000,0.0
          37.8123260,55.7955630,0.0
          37.8122450,55.7955560,0.0
          37.8122640,55.7955090,0.0
          37.8122900,55.7954680,0.0
          37.8122820,55.7954380,0.0
          37.8122580,55.7954220,0.0
          37.8122460,55.7954120,0.0
          37.8122340,55.7954020,0.0
          37.8122590,55.7953770,0.0
          37.8122560,55.7953340,0.0
          37.8122900,55.7953190,0.0
          37.8122950,55.7952870,0.0
          37.8122940,55.7952620,0.0
          37.8122980,55.7952280,0.0
          37.8123020,55.7952100,0.0
          37.8123110,55.7951780,0.0
          37.8123430,55.7951340,0.0
          37.8123580,55.7950980,0.0
          37.8123810,55.7950090,0.0
          37.8123770,55.7949660,0.0
          37.8123960,55.7949090,0.0
          37.8123970,55.7948480,0.0
          37.8123920,55.7947920,0.0
          37.8124020,55.7947350,0.0
          37.8123970,55.7946780,0.0
          37.8123870,55.7946190,0.0
          37.8123970,55.7945800,0.0
          37.8124000,55.7945230,0.0
          37.8123970,55.7944760,0.0
          37.8123890,55.7944210,0.0
          37.8123960,55.7943780,0.0
          37.8124260,55.7943120,0.0
          37.8124280,55.7942430,0.0
          37.8124470,55.7941870,0.0
          37.8124410,55.7941490,0.0
          37.8124340,55.7941010,0.0
          37.8124310,55.7940580,0.0
          37.8124310,55.7940210,0.0
          37.8124190,55.7939860,0.0
          37.8124400,55.7939280,0.0
          37.8124320,55.7938890,0.0
          37.8124380,55.7938400,0.0
          37.8124920,55.7937920,0.0
          37.8125080,55.7937600,0.0
          37.8125330,55.7937180,0.0
          37.8125460,55.7936680,0.0
          37.8125720,55.7936430,0.0
          37.8126030,55.7936230,0.0
          37.8126820,55.7935960,0.0
          37.8126940,55.7936080,0.0
          37.8127440,55.7935950,0.0
          37.8127850,55.7935880,0.0
          37.8128280,55.7935810,0.0
          37.8128480,55.7935850,0.0
          37.8128960,55.7935940,0.0
          37.8129350,55.7936000,0.0
          37.8129590,55.7935860,0.0
          37.8130030,55.7936000,0.0
          37.8130530,55.7936040,0.0
          37.8131020,55.7935940,0.0
          37.8131500,55.7935920,0.0
          37.8132300,55.7935870,0.0
          37.8132500,55.7935910,0.0
          37.8133410,55.7935980,0.0
          37.8133900,55.7935970,0.0
          37.8134450,55.7935840,0.0
          37.8134860,55.7936060,0.0
          37.8135340,55.7936210,0.0
          37.8135710,55.7936160,0.0
          37.8136420,55.7936230,0.0
          37.8137090,55.7936100,0.0
          37.8137680,55.7936160,0.0
          37.8138180,55.7935960,0.0
          37.8138760,55.7935920,0.0
          37.8139530,55.7936080,0.0
          37.8140340,55.7936180,0.0
          37.8141020,55.7936200,0.0
          37.8141310,55.7936540,0.0
          37.8142060,55.7936390,0.0
          37.8143110,55.7936120,0.0
          37.8143320,55.7936350,0.0
          37.8144080,55.7936360,0.0
          37.8144690,55.7936260,0.0
          37.8145190,55.7936230,0.0
          37.8145400,55.7935960,0.0
          37.8145840,55.7935750,0.0
          37.8146410,55.7935760,0.0
          37.8147040,55.7935670,0.0
          37.8147780,55.7935910,0.0
          37.8148300,55.7935950,0.0
          37.8148870,55.7935900,0.0
          37.8149400,55.7936030,0.0
          37.8149900,55.7936070,0.0
          37.8150540,55.7936070,0.0
          37.8151020,55.7936100,0.0
          37.8151420,55.7936000,0.0
          37.8151810,55.7936060,0.0
          37.8152210,55.7936160,0.0
          37.8152570,55.7936260,0.0
          37.8153180,55.7936360,0.0
          37.8153820,55.7936220,0.0
          37.8153990,55.7936100,0.0
          37.8154410,55.7936170,0.0
          37.8154530,55.7935960,0.0
          37.8154820,55.7935700,0.0
          37.8154640,55.7935180,0.0
          37.8154310,55.7934960,0.0
          37.8153530,55.7934830,0.0
          37.8152900,55.7934600,0.0
          37.8152140,55.7934530,0.0
          37.8151430,55.7934470,0.0
          37.8150980,55.7934460,0.0
          37.8150510,55.7934460,0.0
          37.8149940,55.7934370,0.0
          37.8149600,55.7934340,0.0
          37.8149010,55.7934110,0.0
          37.8148740,55.7933950,0.0
          37.8148200,55.7933840,0.0
          37.8147680,55.7933530,0.0
          37.8147450,55.7933180,0.0
          37.8147280,55.7933000,0.0
          37.8147300,55.7932940,0.0
          37.8147240,55.7932770,0.0
          37.8147250,55.7932720,0.0
          37.8146800,55.7931990,0.0
          37.8146330,55.7931670,0.0
          37.8146700,55.7931070,0.0
          37.8146560,55.7930760,0.0
          37.8147100,55.7930040,0.0
          37.8147160,55.7929620,0.0
          37.8147280,55.7929390,0.0
          37.8147300,55.7928880,0.0
          37.8147680,55.7928130,0.0
          37.8147830,55.7927740,0.0
          37.8148260,55.7927370,0.0
          37.8148460,55.7926850,0.0
          37.8148140,55.7926590,0.0
          37.8147890,55.7926120,0.0
          37.8148240,55.7925520,0.0
          37.8147820,55.7925450,0.0
          37.8148490,55.7924860,0.0
          37.8148800,55.7924330,0.0
          37.8148350,55.7924010,0.0
          37.8148200,55.7923530,0.0
          37.8148510,55.7922950,0.0
          37.8148140,55.7922480,0.0
          37.8148080,55.7922110,0.0
          37.8148060,55.7921700,0.0
          37.8147920,55.7921210,0.0
          37.8147880,55.7920720,0.0
          37.8147740,55.7920320,0.0
          37.8147840,55.7919880,0.0
          37.8147760,55.7919540,0.0
          37.8147780,55.7919080,0.0
          37.8148040,55.7918660,0.0
          37.8148290,55.7917970,0.0
          37.8147920,55.7917410,0.0
          37.8147660,55.7916930,0.0
          37.8147740,55.7916350,0.0
          37.8147540,55.7915510,0.0
          37.8147650,55.7915040,0.0
          37.8147490,55.7914690,0.0
          37.8147410,55.7914210,0.0
          37.8147640,55.7913860,0.0
          37.8147690,55.7913520,0.0
          37.8147820,55.7913060,0.0
          37.8147920,55.7912710,0.0
          37.8148010,55.7912250,0.0
          37.8148160,55.7911790,0.0
          37.8148240,55.7911470,0.0
          37.8148140,55.7910910,0.0
          37.8148160,55.7910410,0.0
          37.8147940,55.7910130,0.0
          37.8147800,55.7909900,0.0
          37.8148610,55.7909610,0.0
          37.8149100,55.7909150,0.0
          37.8149350,55.7908550,0.0
          37.8149280,55.7907680,0.0
          37.8148530,55.7907000,0.0
          37.8148310,55.7906780,0.0
          37.8148790,55.7906060,0.0
          37.8149440,55.7905260,0.0
          37.8149920,55.7904140,0.0
          37.8149540,55.7903330,0.0
          37.8149580,55.7902560,0.0
          37.8149680,55.7901830,0.0
          37.8149460,55.7901180,0.0
          37.8149430,55.7900620,0.0
          37.8149460,55.7900260,0.0
          37.8149480,55.7899570,0.0
          37.8149570,55.7898940,0.0
          37.8149560,55.7898330,0.0
          37.8149500,55.7897930,0.0
          37.8149630,55.7897520,0.0
          37.8149740,55.7896850,0.0
          37.8149670,55.7895850,0.0
          37.8149680,55.7895440,0.0
          37.8149900,55.7895100,0.0
          37.8149700,55.7894980,0.0
          37.8149770,55.7894590,0.0
          37.8149820,55.7894150,0.0
          37.8149820,55.7893670,0.0
          37.8149980,55.7893520,0.0
          37.8149830,55.7893100,0.0
          37.8150010,55.7892760,0.0
          37.8149890,55.7892390,0.0
          37.8149810,55.7892190,0.0
          37.8149710,55.7891840,0.0
          37.8149500,55.7891800,0.0
          37.8149240,55.7891440,0.0
          37.8149050,55.7891230,0.0
          37.8148740,55.7890990,0.0
          37.8148710,55.7890880,0.0
          37.8148660,55.7890470,0.0
          37.8148640,55.7890330,0.0
          37.8148440,55.7889970,0.0
          37.8148140,55.7889710,0.0
          37.8147660,55.7889590,0.0
          37.8147480,55.7889420,0.0
          37.8146970,55.7889210,0.0
          37.8146360,55.7889040,0.0
          37.8145810,55.7888810,0.0
          37.8145190,55.7888940,0.0
          37.8144660,55.7889130,0.0
          37.8143880,55.7889010,0.0
          37.8143610,55.7888800,0.0
          37.8143220,55.7888900,0.0
          37.8142630,55.7889010,0.0
          37.8141970,55.7888840,0.0
          37.8141400,55.7888600,0.0
          37.8140990,55.7888670,0.0
          37.8140300,55.7888640,0.0
          37.8139790,55.7888620,0.0
          37.8139240,55.7888710,0.0
          37.8138840,55.7888610,0.0
          37.8138170,55.7888760,0.0
          37.8138180,55.7888840,0.0
          37.8137770,55.7888690,0.0
          37.8137190,55.7888590,0.0
          37.8137020,55.7888350,0.0
          37.8136680,55.7888160,0.0
          37.8136720,55.7887870,0.0
          37.8136340,55.7887830,0.0
          37.8136400,55.7887580,0.0
          37.8136660,55.7887400,0.0
          37.8136690,55.7887450,0.0
          37.8137060,55.7887620,0.0
          37.8137260,55.7887670,0.0
          37.8137450,55.7887660,0.0
          37.8137690,55.7887790,0.0
          37.8137970,55.7887800,0.0
          37.8138040,55.7887940,0.0
          37.8138250,55.7888200,0.0
          37.8138460,55.7888420,0.0
          37.8138720,55.7888540,0.0
          37.8138930,55.7888480,0.0
          37.8139070,55.7888550,0.0
          37.8139390,55.7888460,0.0
          37.8139520,55.7888530,0.0
          37.8139760,55.7888600,0.0
          37.8140050,55.7888600,0.0
          37.8140520,55.7888600,0.0
          37.8140990,55.7888660,0.0
          37.8141740,55.7888690,0.0
          37.8142110,55.7888590,0.0
          37.8142650,55.7888590,0.0
          37.8143300,55.7888490,0.0
          37.8143830,55.7888480,0.0
          37.8144230,55.7888480,0.0
          37.8144830,55.7888520,0.0
          37.8145400,55.7888630,0.0
          37.8145970,55.7888630,0.0
          37.8146510,55.7888500,0.0
          37.8146960,55.7888530,0.0
          37.8147710,55.7888440,0.0
          37.8148250,55.7888590,0.0
          37.8148870,55.7888750,0.0
          37.8149410,55.7889010,0.0
          37.8149880,55.7889100,0.0
          37.8150500,55.7889140,0.0
          37.8151060,55.7889080,0.0
          37.8151580,55.7889080,0.0
          37.8151960,55.7889030,0.0
          37.8152530,55.7888960,0.0
          37.8153060,55.7888750,0.0
          37.8153690,55.7888760,0.0
          37.8154230,55.7888670,0.0
          37.8154960,55.7888730,0.0
          37.8155520,55.7888790,0.0
          37.8156280,55.7888980,0.0
          37.8156900,55.7889000,0.0
          37.8157520,55.7889240,0.0
          37.8158040,55.7889320,0.0
          37.8158480,55.7889160,0.0
          37.8159140,55.7889120,0.0
          37.8159820,55.7889180,0.0
          37.8160250,55.7889010,0.0
          37.8160990,55.7888950,0.0
          37.8161440,55.7888990,0.0
          37.8162030,55.7888980,0.0
          37.8162520,55.7889070,0.0
          37.8163110,55.7889330,0.0
          37.8163800,55.7889240,0.0
          37.8164510,55.7889240,0.0
          37.8164840,55.7889490,0.0
          37.8165210,55.7889230,0.0
          37.8165920,55.7889430,0.0
          37.8166690,55.7889310,0.0
          37.8167220,55.7889350,0.0
          37.8167760,55.7889280,0.0
          37.8168080,55.7889360,0.0
          37.8168750,55.7889170,0.0
          37.8169490,55.7888720,0.0
          37.8170150,55.7888760,0.0
          37.8170850,55.7888590,0.0
          37.8171700,55.7888680,0.0
          37.8172340,55.7888860,0.0
          37.8173000,55.7888910,0.0
          37.8173670,55.7888800,0.0
          37.8174220,55.7888920,0.0
          37.8174850,55.7888920,0.0
          37.8175490,55.7889070,0.0
          37.8175900,55.7888880,0.0
          37.8176600,55.7889020,0.0
          37.8177030,55.7889070,0.0
          37.8177840,55.7889070,0.0
          37.8178300,55.7889100,0.0
          37.8179030,55.7889010,0.0
          37.8179540,55.7888810,0.0
          37.8180040,55.7888640,0.0
          37.8180620,55.7888380,0.0
          37.8180890,55.7888270,0.0
          37.8181470,55.7888250,0.0
          37.8181720,55.7887800,0.0
          37.8181800,55.7887530,0.0
          37.8181660,55.7887080,0.0
          37.8181690,55.7886730,0.0
          37.8181530,55.7886290,0.0
          37.8181330,55.7885960,0.0
          37.8181350,55.7885580,0.0
          37.8181360,55.7885120,0.0
          37.8181410,55.7884650,0.0
          37.8181400,55.7884410,0.0
          37.8181300,55.7884130,0.0
          37.8181270,55.7883790,0.0
          37.8181190,55.7883500,0.0
          37.8181290,55.7883250,0.0
          37.8181470,55.7883000,0.0
          37.8181610,55.7882730,0.0
          37.8181650,55.7882380,0.0
          37.8181660,55.7882120,0.0
          37.8181670,55.7881810,0.0
          37.8181600,55.7881480,0.0
          37.8181420,55.7881040,0.0
          37.8181130,55.7880670,0.0
          37.8181210,55.7880500,0.0
          37.8181370,55.7880250,0.0
          37.8181350,55.7880040,0.0
          37.8181430,55.7879790,0.0
          37.8181370,55.7879510,0.0
          37.8181300,55.7879440,0.0
          37.8181060,55.7879140,0.0
          37.8181120,55.7878860,0.0
          37.8181320,55.7878720,0.0
          37.8181560,55.7878450,0.0
          37.8181700,55.7878320,0.0
          37.8181600,55.7877520,0.0
          37.8181510,55.7877230,0.0
          37.8181640,55.7876940,0.0
          37.8181750,55.7876720,0.0
          37.8181570,55.7876350,0.0
          37.8181580,55.7875890,0.0
          37.8181700,55.7875560,0.0
          37.8181620,55.7875080,0.0
          37.8181720,55.7874760,0.0
          37.8181680,55.7874530,0.0
          37.8181940,55.7874210,0.0
          37.8182180,55.7874100,0.0
          37.8182140,55.7873780,0.0
          37.8182010,55.7873430,0.0
          37.8181930,55.7872860,0.0
          37.8181670,55.7872530,0.0
          37.8181780,55.7872250,0.0
          37.8181730,55.7871450,0.0
          37.8181700,55.7871070,0.0
          37.8181880,55.7870450,0.0
          37.8182280,55.7869810,0.0
          37.8182240,55.7869370,0.0
          37.8182580,55.7868900,0.0
          37.8182990,55.7868410,0.0
          37.8182610,55.7867780,0.0
          37.8183000,55.7867150,0.0
          37.8183180,55.7866440,0.0
          37.8183340,55.7865750,0.0
          37.8183620,55.7865230,0.0
          37.8184110,55.7864460,0.0
          37.8184320,55.7863970,0.0
          37.8184210,55.7863390,0.0
          37.8184260,55.7862820,0.0
          37.8184570,55.7861890,0.0
          37.8184910,55.7860940,0.0
          37.8185150,55.7860140,0.0
          37.8185240,55.7859140,0.0
          37.8185560,55.7858540,0.0
          37.8185780,55.7857920,0.0
          37.8185640,55.7856980,0.0
          37.8185670,55.7855990,0.0
          37.8186110,55.7854820,0.0
          37.8186470,55.7853950,0.0
          37.8186670,55.7853220,0.0
          37.8186610,55.7852320,0.0
          37.8186030,55.7851970,0.0
          37.8185900,55.7851260,0.0
          37.8185760,55.7850800,0.0
          37.8185920,55.7850130,0.0
          37.8185780,55.7849590,0.0
          37.8185900,55.7849140,0.0
          37.8186040,55.7848750,0.0
          37.8185950,55.7848290,0.0
          37.8185980,55.7847810,0.0
          37.8185860,55.7846820,0.0
          37.8186140,55.7846610,0.0
          37.8186300,55.7846290,0.0
          37.8186450,55.7845650,0.0
          37.8187030,55.7844560,0.0
          37.8187340,55.7844030,0.0
          37.8187110,55.7843420,0.0
          37.8187790,55.7841700,0.0
          37.8187850,55.7840960,0.0
          37.8187300,55.7839910,0.0
          37.8187120,55.7838120,0.0
          37.8187210,55.7836750,0.0
          37.8185790,55.7836000,0.0
          37.8185360,55.7835200,0.0
          37.8185300,55.7834330,0.0
          37.8185700,55.7833270,0.0
          37.8185410,55.7832780,0.0
          37.8185680,55.7832300,0.0
          37.8185740,55.7831660,0.0
          37.8185940,55.7831210,0.0
          37.8186080,55.7830640,0.0
          37.8186040,55.7830060,0.0
          37.8185970,55.7829920,0.0
          37.8185910,55.7829780,0.0
          37.8185870,55.7829230,0.0
          37.8185800,55.7828470,0.0
          37.8186300,55.7827960,0.0
          37.8186340,55.7827460,0.0
          37.8186350,55.7827060,0.0
          37.8187010,55.7826390,0.0
          37.8187290,55.7825950,0.0
          37.8187220,55.7824960,0.0
          37.8187180,55.7824020,0.0
          37.8187490,55.7823400,0.0
          37.8187250,55.7822800,0.0
          37.8187140,55.7822390,0.0
          37.8187470,55.7822150,0.0
          37.8186950,55.7821460,0.0
          37.8187080,55.7820880,0.0
          37.8187020,55.7820480,0.0
          37.8187260,55.7820040,0.0
          37.8187270,55.7819540,0.0
          37.8187230,55.7819160,0.0
          37.8187200,55.7818910,0.0
          37.8187200,55.7818650,0.0
          37.8187260,55.7818360,0.0
          37.8187300,55.7818040,0.0
          37.8187370,55.7817750,0.0
          37.8187240,55.7817410,0.0
          37.8187390,55.7816920,0.0
          37.8187500,55.7816640,0.0
          37.8187580,55.7816480,0.0
          37.8187540,55.7815990,0.0
          37.8187510,55.7815680,0.0
          37.8187780,55.7815250,0.0
          37.8187920,55.7814720,0.0
          37.8188080,55.7814620,0.0
          37.8188140,55.7814240,0.0
          37.8188190,55.7813440,0.0
          37.8188390,55.7813000,0.0
          37.8188390,55.7812320,0.0
          37.8188420,55.7811900,0.0
          37.8188740,55.7811350,0.0
          37.8189010,55.7810820,0.0
          37.8188980,55.7810760,0.0
          37.8189150,55.7810420,0.0
          37.8189180,55.7810170,0.0
          37.8189250,55.7809970,0.0
          37.8189350,55.7809840,0.0
          37.8189450,55.7809560,0.0
          37.8189630,55.7809140,0.0
          37.8189840,55.7808580,0.0
          37.8190030,55.7807920,0.0
          37.8190520,55.7807160,0.0
          37.8190600,55.7806830,0.0
          37.8190860,55.7806310,0.0
          37.8190990,55.7805820,0.0
          37.8191070,55.7805420,0.0
          37.8191340,55.7804940,0.0
          37.8191200,55.7804370,0.0
          37.8191190,55.7803920,0.0
          37.8191390,55.7803620,0.0
          37.8191470,55.7803160,0.0
          37.8191520,55.7802770,0.0
          37.8191620,55.7802500,0.0
          37.8191890,55.7801980,0.0
          37.8192120,55.7801510,0.0
          37.8192250,55.7800980,0.0
          37.8192610,55.7800720,0.0
          37.8192300,55.7800410,0.0
          37.8192360,55.7799970,0.0
          37.8192450,55.7799620,0.0
          37.8192800,55.7799200,0.0
          37.8193040,55.7799040,0.0
          37.8193210,55.7798590,0.0
          37.8193200,55.7798270,0.0
          37.8193320,55.7797910,0.0
          37.8193240,55.7797500,0.0
          37.8193300,55.7797050,0.0
          37.8193240,55.7796590,0.0
          37.8193090,55.7796170,0.0
          37.8192780,55.7795730,0.0
          37.8192580,55.7795290,0.0
          37.8192370,55.7794840,0.0
          37.8192230,55.7794520,0.0
          37.8192010,55.7793970,0.0
          37.8191400,55.7793800,0.0
          37.8191620,55.7793490,0.0
          37.8191410,55.7792540,0.0
          37.8191300,55.7792170,0.0
          37.8190860,55.7792190,0.0
          37.8190710,55.7791740,0.0
          37.8190460,55.7791140,0.0
          37.8190300,55.7790620,0.0
          37.8190250,55.7790200,0.0
          37.8190190,55.7789660,0.0
          37.8190260,55.7789040,0.0
          37.8190230,55.7788580,0.0
          37.8190330,55.7788050,0.0
          37.8190540,55.7787520,0.0
          37.8190150,55.7787270,0.0
          37.8190360,55.7786790,0.0
          37.8190700,55.7786260,0.0
          37.8190590,55.7785880,0.0
          37.8190400,55.7785350,0.0
          37.8190020,55.7785050,0.0
          37.8190190,55.7784670,0.0
          37.8190280,55.7784290,0.0
          37.8190340,55.7783860,0.0
          37.8190360,55.7783500,0.0
          37.8190580,55.7783130,0.0
          37.8190810,55.7782730,0.0
          37.8191010,55.7782300,0.0
          37.8191050,55.7781920,0.0
          37.8190920,55.7781540,0.0
          37.8190940,55.7781120,0.0
          37.8191030,55.7780710,0.0
          37.8190970,55.7780120,0.0
          37.8191060,55.7779690,0.0
          37.8191250,55.7779070,0.0
          37.8191390,55.7778470,0.0
          37.8191140,55.7778080,0.0
          37.8191220,55.7777320,0.0
          37.8191530,55.7776910,0.0
          37.8191730,55.7776600,0.0
          37.8191600,55.7776290,0.0
          37.8191540,55.7775660,0.0
          37.8191620,55.7775080,0.0
          37.8191780,55.7774230,0.0
          37.8191560,55.7773530,0.0
          37.8191520,55.7772840,0.0
          37.8191490,55.7772060,0.0
          37.8191990,55.7771290,0.0
          37.8191700,55.7770660,0.0
          37.8192190,55.7769740,0.0
          37.8192370,55.7768920,0.0
          37.8192570,55.7767840,0.0
          37.8192800,55.7767190,0.0
          37.8192980,55.7766350,0.0
          37.8192920,55.7765600,0.0
          37.8193070,55.7764800,0.0
          37.8193150,55.7764530,0.0
          37.8193800,55.7763840,0.0
          37.8193920,55.7763350,0.0
          37.8194190,55.7762480,0.0
          37.8194500,55.7761620,0.0
          37.8194310,55.7761010,0.0
          37.8194100,55.7760360,0.0
          37.8194190,55.7759780,0.0
          37.8194550,55.7758950,0.0
          37.8194560,55.7758490,0.0
          37.8194730,55.7758070,0.0
          37.8194720,55.7757640,0.0
          37.8194320,55.7757130,0.0
          37.8194560,55.7756520,0.0
          37.8194650,55.7755970,0.0
          37.8194680,55.7755190,0.0
          37.8194450,55.7754700,0.0
          37.8193750,55.7754140,0.0
          37.8193760,55.7753500,0.0
          37.8193640,55.7753040,0.0
          37.8193730,55.7752440,0.0
          37.8193610,55.7752000,0.0
          37.8193670,55.7751440,0.0
          37.8193830,55.7750840,0.0
          37.8193720,55.7750320,0.0
          37.8193800,55.7749850,0.0
          37.8193990,55.7749350,0.0
          37.8194260,55.7748980,0.0
          37.8194420,55.7748540,0.0
          37.8194560,55.7748140,0.0
          37.8194800,55.7747640,0.0
          37.8195010,55.7747150,0.0
          37.8195120,55.7746510,0.0
          37.8195120,55.7745980,0.0
          37.8195230,55.7745420,0.0
          37.8195670,55.7744830,0.0
          37.8195960,55.7744300,0.0
          37.8196140,55.7744110,0.0
          37.8196050,55.7743680,0.0
          37.8196190,55.7743580,0.0
          37.8196030,55.7743320,0.0
          37.8196100,55.7743060,0.0
          37.8196210,55.7742740,0.0
          37.8196060,55.7742580,0.0
          37.8196220,55.7742580,0.0
          37.8196410,55.7742030,0.0
          37.8196330,55.7741610,0.0
          37.8195940,55.7741300,0.0
          37.8195930,55.7740890,0.0
          37.8195790,55.7740380,0.0
          37.8195850,55.7739920,0.0
          37.8196000,55.7739530,0.0
          37.8196080,55.7739190,0.0
          37.8196180,55.7738720,0.0
          37.8196280,55.7738060,0.0
          37.8196560,55.7737500,0.0
          37.8196340,55.7737240,0.0
          37.8196630,55.7736790,0.0
          37.8196780,55.7736260,0.0
          37.8196930,55.7735890,0.0
          37.8197050,55.7735550,0.0
          37.8197050,55.7735050,0.0
          37.8197190,55.7734710,0.0
          37.8197210,55.7734490,0.0
          37.8197240,55.7734050,0.0
          37.8197530,55.7733670,0.0
          37.8197790,55.7733220,0.0
          37.8197780,55.7732820,0.0
          37.8197900,55.7732330,0.0
          37.8197940,55.7732040,0.0
          37.8197940,55.7731740,0.0
          37.8197830,55.7731220,0.0
          37.8197850,55.7730720,0.0
          37.8197720,55.7730300,0.0
          37.8197710,55.7729910,0.0
          37.8197530,55.7729630,0.0
          37.8197580,55.7729210,0.0
          37.8197720,55.7728750,0.0
          37.8197910,55.7728380,0.0
          37.8197930,55.7727960,0.0
          37.8197480,55.7727840,0.0
          37.8197310,55.7727770,0.0
          37.8197030,55.7727610,0.0
          37.8197120,55.7727410,0.0
          37.8197210,55.7727190,0.0
          37.8197420,55.7727010,0.0
          37.8197400,55.7726890,0.0
          37.8197480,55.7726740,0.0
          37.8197470,55.7726460,0.0
          37.8197460,55.7726130,0.0
          37.8197490,55.7725830,0.0
          37.8197740,55.7725580,0.0
          37.8197980,55.7725220,0.0
          37.8198300,55.7724770,0.0
          37.8198420,55.7724400,0.0
          37.8198360,55.7724070,0.0
          37.8198240,55.7723720,0.0
          37.8198400,55.7723160,0.0
          37.8198400,55.7722870,0.0
          37.8198310,55.7722540,0.0
          37.8198280,55.7722200,0.0
          37.8198180,55.7721910,0.0
          37.8197950,55.7721660,0.0
          37.8197620,55.7721430,0.0
          37.8197320,55.7721180,0.0
          37.8197140,55.7720860,0.0
          37.8196910,55.7720680,0.0
          37.8196620,55.7720540,0.0
          37.8196470,55.7720410,0.0
          37.8196120,55.7720280,0.0
          37.8195640,55.7720150,0.0
          37.8195080,55.7720140,0.0
          37.8194490,55.7720070,0.0
          37.8194040,55.7719920,0.0
          37.8193450,55.7719780,0.0
          37.8193010,55.7719690,0.0
          37.8192590,55.7719500,0.0
          37.8192160,55.7719340,0.0
          37.8191920,55.7719070,0.0
          37.8191640,55.7718890,0.0
          37.8191250,55.7718640,0.0
          37.8190940,55.7718500,0.0
          37.8190810,55.7718300,0.0
          37.8190700,55.7718230,0.0
          37.8190630,55.7718230,0.0
          37.8190740,55.7718200,0.0
          37.8190790,55.7718180,0.0
          37.8190920,55.7718140,0.0
          37.8190920,55.7718100,0.0
          37.8190930,55.7718090,0.0
          37.8190930,55.7718080,0.0
          37.8190930,55.7718040,0.0
          37.8190940,55.7718020,0.0
          37.8190940,55.7718010,0.0
          37.8190930,55.7718000,0.0
          37.8190940,55.7718000,0.0
          37.8190930,55.7717990,0.0
          37.8190930,55.7717980,0.0
          37.8190550,55.7717960,0.0
          37.8190540,55.7717880,0.0
          37.8190500,55.7717880,0.0
          37.8190340,55.7717980,0.0
          37.8190390,55.7717880,0.0
          37.8190500,55.7717850,0.0
          37.8190470,55.7717850,0.0
          37.8190430,55.7717840,0.0
          37.8190460,55.7717850,0.0
          37.8190440,55.7717890,0.0
          37.8190420,55.7717960,0.0
          37.8190330,55.7717920,0.0
          37.8190300,55.7717890,0.0
          37.8190290,55.7717880,0.0
          37.8190210,55.7717660,0.0
          37.8190040,55.7717490,0.0
          37.8189920,55.7717260,0.0
          37.8189800,55.7716560,0.0
          37.8189770,55.7716050,0.0
          37.8189680,55.7715490,0.0
          37.8189880,55.7714960,0.0
          37.8190320,55.7714470,0.0
          37.8190860,55.7714000,0.0
          37.8191530,55.7713440,0.0
          37.8192060,55.7712880,0.0
          37.8192690,55.7712400,0.0
          37.8193200,55.7711920,0.0
          37.8194470,55.7711550,0.0
          37.8196170,55.7711650,0.0
          37.8197320,55.7711390,0.0
          37.8198440,55.7711270,0.0
          37.8199600,55.7711100,0.0
          37.8200540,55.7710780,0.0
          37.8201370,55.7710380,0.0
          37.8201920,55.7710200,0.0
          37.8202230,55.7709670,0.0
          37.8202420,55.7709180,0.0
          37.8202540,55.7708680,0.0
          37.8202360,55.7708230,0.0
          37.8202440,55.7707820,0.0
          37.8202510,55.7707550,0.0
          37.8202600,55.7707330,0.0
          37.8202610,55.7707440,0.0
          37.8202510,55.7707440,0.0
          37.8202320,55.7707320,0.0
          37.8202350,55.7707280,0.0
          37.8202220,55.7707200,0.0
          37.8201770,55.7707200,0.0
          37.8201470,55.7707090,0.0
          37.8201720,55.7706910,0.0
          37.8201470,55.7707500,0.0
          37.8201190,55.7707380,0.0
          37.8201050,55.7707360,0.0
          37.8200780,55.7707310,0.0
          37.8200920,55.7707280,0.0
          37.8200900,55.7707290,0.0
          37.8200770,55.7707350,0.0
          37.8200690,55.7707340,0.0
          37.8200590,55.7707290,0.0
          37.8200570,55.7707160,0.0
          37.8200580,55.7707050,0.0
          37.8200600,55.7706910,0.0
          37.8200650,55.7706750,0.0
          37.8200600,55.7706610,0.0
          37.8200540,55.7706400,0.0
          37.8200650,55.7706240,0.0
          37.8200730,55.7705770,0.0
          37.8200610,55.7705680,0.0
          37.8200680,55.7705320,0.0
          37.8200370,55.7705090,0.0
          37.8200410,55.7704710,0.0
          37.8200160,55.7704570,0.0
          37.8200160,55.7704220,0.0
          37.8200450,55.7704010,0.0
          37.8200560,55.7703760,0.0
          37.8200490,55.7703260,0.0
          37.8200550,55.7702660,0.0
          37.8200310,55.7702510,0.0
          37.8200130,55.7702280,0.0
          37.8199950,55.7702480,0.0
          37.8200000,55.7702410,0.0
          37.8199980,55.7702140,0.0
          37.8199920,55.7702130,0.0
          37.8200080,55.7702120,0.0
          37.8200170,55.7702050,0.0
          37.8199850,55.7701910,0.0
          37.8199310,55.7701900,0.0
          37.8199220,55.7701940,0.0
          37.8199020,55.7701930,0.0
          37.8199300,55.7701730,0.0
          37.8199430,55.7701760,0.0
          37.8199450,55.7701730,0.0
          37.8199370,55.7701730,0.0
          37.8199440,55.7701740,0.0
          37.8199400,55.7701740,0.0
          37.8199330,55.7701750,0.0
          37.8199370,55.7701760,0.0
          37.8199300,55.7701770,0.0
          37.8199310,55.7701760,0.0
          37.8199330,55.7701760,0.0
          37.8199320,55.7701770,0.0
          37.8199330,55.7701780,0.0
          37.8199320,55.7701750,0.0
          37.8199340,55.7701720,0.0
          37.8199480,55.7701730,0.0
          37.8199450,55.7701540,0.0
          37.8199520,55.7701510,0.0
          37.8199530,55.7701490,0.0
          37.8199550,55.7701460,0.0
          37.8199550,55.7701500,0.0
          37.8199640,55.7701480,0.0
          37.8199640,55.7701390,0.0
          37.8199720,55.7701440,0.0
          37.8199760,55.7701400,0.0
          37.8199720,55.7701420,0.0
          37.8199660,55.7701430,0.0
          37.8199690,55.7701410,0.0
          37.8199700,55.7701430,0.0
          37.8199720,55.7701380,0.0
          37.8199760,55.7701380,0.0
          37.8199850,55.7701300,0.0
          37.8199910,55.7701260,0.0
          37.8199920,55.7701250,0.0
          37.8199910,55.7701240,0.0
          37.8199930,55.7701210,0.0
          37.8199920,55.7701210,0.0
          37.8199920,55.7701200,0.0
          37.8199940,55.7701200,0.0
          37.8199940,55.7701190,0.0
          37.8199950,55.7701200,0.0
          37.8199960,55.7701200,0.0
          37.8199910,55.7701230,0.0
          37.8199910,55.7701240,0.0
          37.8199930,55.7701230,0.0
          37.8199940,55.7701220,0.0
          37.8199950,55.7701220,0.0
          37.8200010,55.7701150,0.0
          37.8199860,55.7701100,0.0
          37.8199880,55.7701110,0.0
          37.8199790,55.7701080,0.0
          37.8199730,55.7701080,0.0
          37.8199720,55.7701030,0.0
          37.8199730,55.7701020,0.0
          37.8199720,55.7700990,0.0
          37.8199610,55.7700930,0.0
          37.8199540,55.7700880,0.0
          37.8199590,55.7700880,0.0
          37.8199630,55.7700870,0.0
          37.8199660,55.7700890,0.0
          37.8199730,55.7700840,0.0
          37.8199760,55.7700820,0.0
          37.8199740,55.7700820,0.0
          37.8199740,55.7700800,0.0
          37.8199780,55.7700800,0.0
          37.8199800,55.7700800,0.0
          37.8199760,55.7700690,0.0
          37.8199920,55.7700740,0.0
          37.8199910,55.7700690,0.0
          37.8199950,55.7700670,0.0
          37.8199960,55.7700670,0.0
          37.8199980,55.7700720,0.0
          37.8200000,55.7700730,0.0
          37.8200000,55.7700760,0.0
          37.8200000,55.7700750,0.0
          37.8199490,55.7701040,0.0
          37.8199440,55.7701050,0.0
          37.8199500,55.7701010,0.0
          37.8199460,55.7701060,0.0
          37.8199800,55.7701030,0.0
          37.8200780,55.7700330,0.0
          37.8200930,55.7700350,0.0
          37.8200860,55.7700310,0.0
          37.8200260,55.7700330,0.0
          37.8200330,55.7700120,0.0
          37.8200370,55.7699920,0.0
          37.8200390,55.7699700,0.0
          37.8200470,55.7699310,0.0
          37.8200660,55.7699160,0.0
          37.8200290,55.7698920,0.0
          37.8200070,55.7698770,0.0
          37.8199820,55.7698520,0.0
          37.8199690,55.7698250,0.0
          37.8199640,55.7697990,0.0
          37.8199700,55.7697860,0.0
          37.8199590,55.7697610,0.0
          37.8199600,55.7697400,0.0
          37.8199900,55.7697050,0.0
          37.8199920,55.7696540,0.0
          37.8199800,55.7696190,0.0
          37.8200490,55.7695520,0.0
          37.8199740,55.7695550,0.0
          37.8199940,55.7695490,0.0
          37.8200520,55.7695160,0.0
          37.8201020,55.7694710,0.0
          37.8201050,55.7694470,0.0
          37.8200890,55.7694050,0.0
          37.8200880,55.7693650,0.0
          37.8201150,55.7692970,0.0
          37.8201100,55.7692710,0.0
          37.8200830,55.7692330,0.0
          37.8200840,55.7692060,0.0
          37.8200990,55.7691770,0.0
          37.8200990,55.7691410,0.0
          37.8201080,55.7691200,0.0
          37.8201160,55.7690730,0.0
          37.8201360,55.7690370,0.0
          37.8201400,55.7690110,0.0
          37.8201430,55.7689720,0.0
          37.8201000,55.7689530,0.0
          37.8201060,55.7689380,0.0
          37.8201210,55.7689080,0.0
          37.8201440,55.7688730,0.0
          37.8201370,55.7688420,0.0
          37.8201350,55.7688250,0.0
          37.8201090,55.7688040,0.0
          37.8201630,55.7687570,0.0
          37.8201880,55.7687350,0.0
          37.8201960,55.7687070,0.0
          37.8202240,55.7686740,0.0
          37.8201960,55.7686420,0.0
          37.8201920,55.7686140,0.0
          37.8201740,55.7685840,0.0
          37.8201940,55.7685380,0.0
          37.8201740,55.7685170,0.0
          37.8201750,55.7685040,0.0
          37.8201930,55.7684820,0.0
          37.8201780,55.7684370,0.0
          37.8201790,55.7684030,0.0
          37.8201540,55.7683760,0.0
          37.8201530,55.7683310,0.0
          37.8201610,55.7682850,0.0
          37.8201500,55.7682350,0.0
          37.8200890,55.7682260,0.0
          37.8200570,55.7682250,0.0
          37.8201350,55.7681610,0.0
          37.8201590,55.7681320,0.0
          37.8202140,55.7680660,0.0
          37.8202750,55.7680150,0.0
          37.8202330,55.7680040,0.0
          37.8202500,55.7679660,0.0
          37.8201610,55.7679560,0.0
          37.8201650,55.7679200,0.0
          37.8201760,55.7679030,0.0
          37.8201200,55.7678850,0.0
          37.8201450,55.7678640,0.0
          37.8201830,55.7678080,0.0
          37.8202080,55.7677620,0.0
          37.8201610,55.7677430,0.0
          37.8201460,55.7677230,0.0
          37.8201340,55.7676720,0.0
          37.8200740,55.7676550,0.0
          37.8200990,55.7676400,0.0
          37.8202650,55.7675620,0.0
          37.8202110,55.7675300,0.0
          37.8202160,55.7674870,0.0
          37.8202600,55.7674470,0.0
          37.8201870,55.7674330,0.0
          37.8202050,55.7674140,0.0
          37.8202170,55.7673890,0.0
          37.8201160,55.7673350,0.0
          37.8202390,55.7672710,0.0
          37.8202020,55.7672530,0.0
          37.8202170,55.7671860,0.0
          37.8203410,55.7670960,0.0
          37.8203050,55.7670770,0.0
          37.8203320,55.7669930,0.0
          37.8203020,55.7669670,0.0
          37.8203380,55.7669170,0.0
          37.8203580,55.7668530,0.0
          37.8203030,55.7668130,0.0
          37.8203370,55.7667150,0.0
          37.8203620,55.7666610,0.0
          37.8203570,55.7666290,0.0
          37.8203490,55.7665770,0.0
          37.8202720,55.7665530,0.0
          37.8201250,55.7665480,0.0
          37.8200050,55.7665330,0.0
          37.8200120,55.7665080,0.0
          37.8198730,55.7664960,0.0
          37.8198750,55.7664600,0.0
          37.8198260,55.7664300,0.0
          37.8197640,55.7663840,0.0
          37.8196940,55.7663930,0.0
          37.8196470,55.7663780,0.0
          37.8195810,55.7663580,0.0
          37.8195090,55.7663340,0.0
          37.8194440,55.7663060,0.0
          37.8193770,55.7662810,0.0
          37.8193200,55.7662560,0.0
          37.8192480,55.7662640,0.0
          37.8191710,55.7662520,0.0
          37.8191210,55.7662540,0.0
          37.8190630,55.7662790,0.0
          37.8190080,55.7662910,0.0
          37.8189400,55.7663060,0.0
          37.8188940,55.7663130,0.0
          37.8188190,55.7663350,0.0
          37.8187570,55.7663490,0.0
          37.8186970,55.7663660,0.0
          37.8186360,55.7663880,0.0
          37.8185770,55.7664010,0.0
          37.8185200,55.7664180,0.0
          37.8184680,55.7664270,0.0
          37.8183920,55.7664390,0.0
          37.8183300,55.7664480,0.0
          37.8182640,55.7664530,0.0
          37.8181750,55.7664770,0.0
          37.8180950,55.7664900,0.0
          37.8180200,55.7664880,0.0
          37.8179580,55.7664980,0.0
          37.8178710,55.7665060,0.0
          37.8178220,55.7665310,0.0
          37.8177480,55.7665470,0.0
          37.8176760,55.7665770,0.0
          37.8175880,55.7665770,0.0
          37.8175170,55.7665830,0.0
          37.8174210,55.7665940,0.0
          37.8173630,55.7666050,0.0
          37.8172850,55.7666060,0.0
          37.8172040,55.7666150,0.0
          37.8171410,55.7666210,0.0
          37.8170680,55.7666310,0.0
          37.8169880,55.7666300,0.0
          37.8169290,55.7666400,0.0
          37.8168600,55.7666480,0.0
          37.8168210,55.7666500,0.0
          37.8167470,55.7666580,0.0
          37.8166860,55.7666570,0.0
          37.8166190,55.7666640,0.0
          37.8165360,55.7666850,0.0
          37.8164430,55.7667000,0.0
          37.8164020,55.7667120,0.0
          37.8163400,55.7667140,0.0
          37.8162840,55.7667280,0.0
          37.8162260,55.7667420,0.0
          37.8161790,55.7667660,0.0
          37.8161130,55.7667720,0.0
          37.8160780,55.7667770,0.0
          37.8160380,55.7667810,0.0
          37.8159920,55.7667750,0.0
          37.8159310,55.7667790,0.0
          37.8158860,55.7667800,0.0
          37.8158520,55.7667720,0.0
          37.8158140,55.7667690,0.0
          37.8157990,55.7667560,0.0
          37.8157570,55.7667610,0.0
          37.8157320,55.7667660,0.0
          37.8157320,55.7667740,0.0
          37.8156900,55.7667670,0.0
          37.8156460,55.7667740,0.0
          37.8155730,55.7668060,0.0
          37.8155930,55.7668180,0.0
          37.8155410,55.7668340,0.0
          37.8154920,55.7668400,0.0
          37.8154540,55.7668500,0.0
          37.8154160,55.7668650,0.0
          37.8153500,55.7668810,0.0
          37.8152920,55.7668880,0.0
          37.8152330,55.7668910,0.0
          37.8152400,55.7669060,0.0
          37.8151950,55.7668960,0.0
          37.8151660,55.7668980,0.0
          37.8151400,55.7669200,0.0
          37.8151110,55.7669280,0.0
          37.8150430,55.7668970,0.0
          37.8149830,55.7668850,0.0
          37.8149340,55.7668750,0.0
          37.8148940,55.7668670,0.0
          37.8148420,55.7668450,0.0
          37.8147990,55.7668370,0.0
          37.8147770,55.7667970,0.0
          37.8147140,55.7667800,0.0
          37.8146820,55.7667520,0.0
          37.8146580,55.7667330,0.0
          37.8146240,55.7667210,0.0
          37.8146200,55.7667040,0.0
          37.8145950,55.7666610,0.0
          37.8145710,55.7666400,0.0
          37.8145510,55.7666070,0.0
          37.8145350,55.7665810,0.0
          37.8145520,55.7665500,0.0
          37.8145700,55.7665200,0.0
          37.8145920,55.7664840,0.0
          37.8145950,55.7664590,0.0
          37.8145890,55.7664250,0.0
          37.8146000,55.7663960,0.0
          37.8145910,55.7663480,0.0
          37.8145800,55.7663010,0.0
          37.8145860,55.7662850,0.0
          37.8145880,55.7662400,0.0
          37.8145940,55.7662200,0.0
          37.8145980,55.7661790,0.0
          37.8145760,55.7661490,0.0
          37.8145790,55.7661190,0.0
          37.8145710,55.7661020,0.0
          37.8145630,55.7660800,0.0
          37.8145400,55.7660340,0.0
          37.8145180,55.7660100,0.0
          37.8145340,55.7659670,0.0
          37.8145380,55.7659200,0.0
          37.8144960,55.7659060,0.0
          37.8144910,55.7658720,0.0
          37.8144800,55.7658560,0.0
          37.8145100,55.7658220,0.0
          37.8145280,55.7657970,0.0
          37.8145030,55.7657700,0.0
          37.8144840,55.7657440,0.0
          37.8144740,55.7657100,0.0
          37.8144620,55.7656720,0.0
          37.8144650,55.7656320,0.0
          37.8144580,55.7656000,0.0
          37.8144540,55.7655740,0.0
          37.8144420,55.7655420,0.0
          37.8144070,55.7655200,0.0
          37.8143790,55.7654920,0.0
          37.8143860,55.7654520,0.0
          37.8143710,55.7654280,0.0
          37.8143800,55.7653940,0.0
          37.8143670,55.7653680,0.0
          37.8143550,55.7653400,0.0
          37.8143640,55.7652990,0.0
          37.8143670,55.7652730,0.0
          37.8143590,55.7652500,0.0
          37.8143490,55.7652200,0.0
          37.8143460,55.7651820,0.0
          37.8143460,55.7651420,0.0
          37.8143480,55.7650990,0.0
          37.8143520,55.7650560,0.0
          37.8143430,55.7650290,0.0
          37.8143320,55.7649940,0.0
          37.8143360,55.7649580,0.0
          37.8143340,55.7649120,0.0
          37.8143340,55.7648750,0.0
          37.8143180,55.7648490,0.0
          37.8143080,55.7648120,0.0
          37.8143100,55.7647700,0.0
          37.8143090,55.7647310,0.0
          37.8143180,55.7646910,0.0
          37.8143160,55.7646560,0.0
          37.8143120,55.7646140,0.0
          37.8143140,55.7645580,0.0
          37.8143160,55.7645350,0.0
          37.8143200,55.7645020,0.0
          37.8143200,55.7644730,0.0
          37.8143320,55.7644350,0.0
          37.8143520,55.7643880,0.0
          37.8143400,55.7643570,0.0
          37.8143330,55.7643180,0.0
          37.8143350,55.7642720,0.0
          37.8143480,55.7642410,0.0
          37.8143640,55.7642040,0.0
          37.8143610,55.7641620,0.0
          37.8143650,55.7641300,0.0
          37.8143710,55.7641030,0.0
          37.8143640,55.7640840,0.0
          37.8143560,55.7640620,0.0
          37.8143700,55.7640450,0.0
          37.8144020,55.7640230,0.0
          37.8144150,55.7640040,0.0
          37.8143900,55.7639770,0.0
          37.8143770,55.7639520,0.0
          37.8143720,55.7639270,0.0
          37.8143800,55.7639030,0.0
          37.8144090,55.7638860,0.0
          37.8144130,55.7638710,0.0
          37.8144290,55.7638510,0.0
          37.8144460,55.7638380,0.0
          37.8144440,55.7638220,0.0
          37.8144380,55.7638080,0.0
          37.8144370,55.7637860,0.0
          37.8144170,55.7637520,0.0
          37.8144010,55.7637340,0.0
          37.8144060,55.7637040,0.0
          37.8144030,55.7636730,0.0
          37.8144180,55.7636490,0.0
          37.8144250,55.7636130,0.0
          37.8144320,55.7635880,0.0
          37.8144230,55.7635550,0.0
          37.8144110,55.7635150,0.0
          37.8143990,55.7634960,0.0
          37.8143830,55.7634670,0.0
          37.8143920,55.7634480,0.0
          37.8144140,55.7634060,0.0
          37.8144250,55.7633680,0.0
          37.8144280,55.7633270,0.0
          37.8143760,55.7632950,0.0
          37.8143420,55.7632800,0.0
          37.8142530,55.7632690,0.0
          37.8142230,55.7632630,0.0
          37.8141910,55.7632620,0.0
          37.8141280,55.7632640,0.0
          37.8140990,55.7632780,0.0
          37.8140320,55.7632790,0.0
          37.8139560,55.7632740,0.0
          37.8138980,55.7632730,0.0
          37.8138430,55.7632740,0.0
          37.8137730,55.7632750,0.0
          37.8137150,55.7632770,0.0
          37.8136550,55.7632770,0.0
          37.8136020,55.7632840,0.0
          37.8135560,55.7632860,0.0
          37.8135020,55.7632770,0.0
          37.8134530,55.7632640,0.0
          37.8134120,55.7632670,0.0
          37.8133620,55.7632740,0.0
          37.8133120,55.7632740,0.0
          37.8132610,55.7632730,0.0
          37.8132240,55.7632760,0.0
          37.8132190,55.7632850,0.0
          37.8132110,55.7632670,0.0
          37.8132060,55.7632750,0.0
          37.8131980,55.7632740,0.0
          37.8131940,55.7632640,0.0
          37.8131890,55.7632640,0.0
          37.8131910,55.7632590,0.0
          37.8131790,55.7632590,0.0
          37.8131840,55.7632570,0.0
          37.8131770,55.7632580,0.0
          37.8131770,55.7632600,0.0
          37.8131800,55.7632580,0.0
          37.8131810,55.7632580,0.0
          37.8131820,55.7632580,0.0
          37.8131860,55.7632580,0.0
          37.8131850,55.7632590,0.0
          37.8131840,55.7632590,0.0
          37.8131750,55.7632630,0.0
          37.8131830,55.7632540,0.0
          37.8131660,55.7632600,0.0
          37.8131480,55.7632720,0.0
          37.8131370,55.7632790,0.0
          37.8131340,55.7632850,0.0
          37.8131360,55.7632860,0.0
          37.8131410,55.7632820,0.0
          37.8131480,55.7632780,0.0
          37.8131500,55.7632770,0.0
          37.8131520,55.7632760,0.0
          37.8131520,55.7632770,0.0
          37.8131510,55.7632770,0.0
          37.8131510,55.7632760,0.0
          37.8131500,55.7632770,0.0
          37.8131490,55.7632770,0.0
          37.8131500,55.7632770,0.0
          37.8131500,55.7632760,0.0
          37.8131520,55.7632720,0.0
          37.8131470,55.7632740,0.0
          37.8131660,55.7632740,0.0
          37.8131660,55.7632760,0.0
          37.8131240,55.7632730,0.0
          37.8130930,55.7632740,0.0
          37.8131020,55.7632530,0.0
          37.8131260,55.7632530,0.0
          37.8131430,55.7632560,0.0
          37.8131620,55.7632600,0.0
          37.8131340,55.7632530,0.0
          37.8131330,55.7632630,0.0
          37.8131170,55.7632570,0.0
          37.8131160,55.7632790,0.0
          37.8130970,55.7632860,0.0
          37.8130940,55.7632830,0.0
          37.8130820,55.7632940,0.0
          37.8130810,55.7632890,0.0
          37.8130490,55.7632840,0.0
          37.8130400,55.7632740,0.0
          37.8130250,55.7632790,0.0
          37.8129740,55.7632760,0.0
          37.8128860,55.7632770,0.0
          37.8127070,55.7633240,0.0
          37.8126850,55.7633240,0.0
          37.8126410,55.7633270,0.0
          37.8126110,55.7633170,0.0
          37.8125870,55.7633160,0.0
          37.8125360,55.7633220,0.0
          37.8124720,55.7633200,0.0
          37.8124550,55.7633030,0.0
          37.8124030,55.7632890,0.0
          37.8123370,55.7632740,0.0
          37.8122600,55.7632570,0.0
          37.8122110,55.7632450,0.0
          37.8121660,55.7632310,0.0
          37.8121280,55.7632170,0.0
          37.8120860,55.7631990,0.0
          37.8120390,55.7631910,0.0
          37.8120040,55.7631730,0.0
          37.8119800,55.7631530,0.0
          37.8119460,55.7631340,0.0
          37.8119240,55.7631100,0.0
          37.8119000,55.7630800,0.0
          37.8118960,55.7630540,0.0
          37.8119000,55.7630140,0.0
          37.8118720,55.7629920,0.0
          37.8118650,55.7629560,0.0
          37.8118710,55.7629060,0.0
          37.8118680,55.7628540,0.0
          37.8118740,55.7628050,0.0
          37.8118670,55.7627680,0.0
          37.8119230,55.7627150,0.0
          37.8119430,55.7626800,0.0
          37.8119740,55.7626280,0.0
          37.8119840,55.7625930,0.0
          37.8119550,55.7625460,0.0
          37.8119610,55.7624970,0.0
          37.8119800,55.7624400,0.0
          37.8119520,55.7624030,0.0
          37.8119640,55.7623650,0.0
          37.8120330,55.7623450,0.0
          37.8120470,55.7623230,0.0
          37.8120840,55.7623030,0.0
          37.8120710,55.7622560,0.0
          37.8120790,55.7622200,0.0
          37.8120920,55.7621700,0.0
          37.8119930,55.7621460,0.0
          37.8119690,55.7621210,0.0
          37.8119600,55.7620820,0.0
          37.8119150,55.7620210,0.0
          37.8118940,55.7619950,0.0
          37.8118730,55.7619570,0.0
          37.8118230,55.7619210,0.0
          37.8117780,55.7618940,0.0
          37.8117580,55.7618580,0.0
          37.8116980,55.7618160,0.0
          37.8116180,55.7617760,0.0
          37.8115610,55.7617530,0.0
          37.8115130,55.7617300,0.0
          37.8114450,55.7617150,0.0
          37.8113820,55.7617300,0.0
          37.8113350,55.7617210,0.0
          37.8112830,55.7617280,0.0
          37.8112540,55.7617160,0.0
          37.8112190,55.7617280,0.0
          37.8111850,55.7617380,0.0
          37.8111070,55.7617350,0.0
          37.8110220,55.7617620,0.0
          37.8109920,55.7617580,0.0
          37.8109460,55.7617740,0.0
          37.8108870,55.7617970,0.0
          37.8108340,55.7618150,0.0
          37.8108000,55.7618380,0.0
          37.8107370,55.7618200,0.0
          37.8106930,55.7618700,0.0
          37.8106250,55.7618950,0.0
          37.8105680,55.7619240,0.0
          37.8105000,55.7619310,0.0
          37.8104580,55.7619530,0.0
          37.8104020,55.7619460,0.0
          37.8103800,55.7619640,0.0
          37.8103260,55.7619640,0.0
          37.8102630,55.7619970,0.0
          37.8102060,55.7620550,0.0
          37.8101130,55.7620360,0.0
          37.8100780,55.7620740,0.0
          37.8100060,55.7620840,0.0
          37.8099290,55.7620750,0.0
          37.8099200,55.7620890,0.0
          37.8098710,55.7620850,0.0
          37.8098290,55.7621040,0.0
          37.8097960,55.7621320,0.0
          37.8097600,55.7621400,0.0
          37.8097000,55.7621670,0.0
          37.8096460,55.7621780,0.0
          37.8095680,55.7621930,0.0
          37.8094810,55.7621800,0.0
          37.8093990,55.7621400,0.0
          37.8093750,55.7621300,0.0
          37.8093460,55.7621130,0.0
          37.8092920,55.7620950,0.0
          37.8092430,55.7620780,0.0
          37.8092160,55.7620560,0.0
          37.8091750,55.7620180,0.0
          37.8091490,55.7619830,0.0
          37.8091050,55.7619590,0.0
          37.8090770,55.7619350,0.0
          37.8090480,55.7618990,0.0
          37.8090050,55.7618760,0.0
          37.8089710,55.7618490,0.0
          37.8089310,55.7618120,0.0
          37.8089070,55.7617730,0.0
          37.8088440,55.7617490,0.0
          37.8088060,55.7617190,0.0
          37.8087680,55.7616920,0.0
          37.8086890,55.7616990,0.0
          37.8086150,55.7616680,0.0
          37.8085850,55.7616280,0.0
          37.8085270,55.7616080,0.0
          37.8084890,55.7615650,0.0
          37.8084180,55.7615360,0.0
          37.8083540,55.7614860,0.0
          37.8082840,55.7614740,0.0
          37.8082710,55.7614440,0.0
          37.8082270,55.7614430,0.0
          37.8081660,55.7613970,0.0
          37.8081160,55.7613800,0.0
          37.8080810,55.7613860,0.0
          37.8080210,55.7613760,0.0
          37.8079790,55.7613640,0.0
          37.8079490,55.7613590,0.0
          37.8079120,55.7613670,0.0
          37.8078490,55.7613420,0.0
          37.8077710,55.7613180,0.0
          37.8077120,55.7612920,0.0
          37.8076840,55.7612870,0.0
          37.8076240,55.7612760,0.0
          37.8075550,55.7612750,0.0
          37.8075000,55.7612670,0.0
          37.8074390,55.7612400,0.0
          37.8074060,55.7612270,0.0
          37.8073610,55.7611980,0.0
          37.8073490,55.7611500,0.0
          37.8073200,55.7611120,0.0
          37.8072760,55.7611020,0.0
          37.8072460,55.7610890,0.0
          37.8072090,55.7610830,0.0
          37.8071220,55.7610380,0.0
          37.8070610,55.7609690,0.0
          37.8069700,55.7609250,0.0
          37.8069150,55.7609160,0.0
          37.8068920,55.7608940,0.0
          37.8068480,55.7608640,0.0
          37.8068180,55.7608560,0.0
          37.8067450,55.7608500,0.0
          37.8067490,55.7608510,0.0
          37.8067210,55.7608300,0.0
          37.8066800,55.7608160,0.0
          37.8066560,55.7608150,0.0
          37.8066480,55.7607940,0.0
          37.8066180,55.7607730,0.0
          37.8065860,55.7607730,0.0
          37.8065710,55.7607650,0.0
          37.8065630,55.7607470,0.0
          37.8065510,55.7607360,0.0
          37.8065480,55.7607370,0.0
          37.8065480,55.7607330,0.0
          37.8065530,55.7607340,0.0
          37.8065400,55.7607320,0.0
          37.8065250,55.7607400,0.0
          37.8065290,55.7607380,0.0
          37.8065270,55.7607480,0.0
          37.8065270,55.7607410,0.0
          37.8065260,55.7607340,0.0
          37.8065270,55.7607320,0.0
          37.8065260,55.7607340,0.0
          37.8065230,55.7607370,0.0
          37.8065240,55.7607370,0.0
          37.8065250,55.7607380,0.0
          37.8065240,55.7607370,0.0
          37.8065220,55.7607390,0.0
          37.8065240,55.7607370,0.0
          37.8065240,55.7607360,0.0
          37.8065240,55.7607350,0.0
          37.8065160,55.7607250,0.0
          37.8065040,55.7607260,0.0
          37.8065080,55.7607220,0.0
          37.8065170,55.7607030,0.0
          37.8065170,55.7607020,0.0
          37.8065150,55.7607000,0.0
          37.8065190,55.7606930,0.0
          37.8065200,55.7606910,0.0
          37.8065180,55.7606880,0.0
          37.8064800,55.7606640,0.0
          37.8064440,55.7606460,0.0
          37.8064070,55.7606210,0.0
          37.8063610,55.7606030,0.0
          37.8063260,55.7605800,0.0
          37.8062940,55.7605400,0.0
          37.8062630,55.7604920,0.0
          37.8062360,55.7604510,0.0
          37.8061950,55.7604300,0.0
          37.8061740,55.7603900,0.0
          37.8061480,55.7603580,0.0
          37.8061350,55.7603330,0.0
          37.8061230,55.7602850,0.0
          37.8061150,55.7602360,0.0
          37.8061280,55.7601730,0.0
          37.8061380,55.7601130,0.0
          37.8061070,55.7600840,0.0
          37.8060940,55.7600410,0.0
          37.8060770,55.7599970,0.0
          37.8060840,55.7599580,0.0
          37.8060260,55.7599300,0.0
          37.8059940,55.7598980,0.0
          37.8059640,55.7598680,0.0
          37.8059300,55.7598280,0.0
          37.8059180,55.7597760,0.0
          37.8058930,55.7597300,0.0
          37.8058800,55.7596600,0.0
          37.8058150,55.7596120,0.0
          37.8057740,55.7595620,0.0
          37.8057540,55.7595210,0.0
          37.8057610,55.7594690,0.0
          37.8057650,55.7594300,0.0
          37.8057500,55.7593890,0.0
          37.8057280,55.7593660,0.0
          37.8056960,55.7593450,0.0
          37.8056780,55.7593080,0.0
          37.8056870,55.7592660,0.0
          37.8055580,55.7592660,0.0
          37.8055040,55.7592410,0.0
          37.8055180,55.7591860,0.0
          37.8054980,55.7591570,0.0
          37.8054660,55.7591380,0.0
          37.8054260,55.7590990,0.0
          37.8053770,55.7590910,0.0
          37.8053380,55.7590680,0.0
          37.8052920,55.7590390,0.0
          37.8053920,55.7589760,0.0
          37.8053470,55.7589250,0.0
          37.8053350,55.7588880,0.0
          37.8053400,55.7588260,0.0
          37.8053240,55.7587770,0.0
          37.8052980,55.7587330,0.0
          37.8052710,55.7586870,0.0
          37.8052710,55.7586340,0.0
          37.8052240,55.7586000,0.0
          37.8052170,55.7585460,0.0
          37.8051900,55.7585160,0.0
          37.8051420,55.7584890,0.0
          37.8051380,55.7584340,0.0
          37.8050570,55.7584120,0.0
          37.8050650,55.7583580,0.0
          37.8049920,55.7583490,0.0
          37.8049320,55.7583280,0.0
          37.8047850,55.7583340,0.0
          37.8048050,55.7582720,0.0
          37.8048320,55.7581660,0.0
          37.8048110,55.7581400,0.0
          37.8048070,55.7580920,0.0
          37.8047800,55.7580740,0.0
          37.8047830,55.7580140,0.0
          37.8047940,55.7579750,0.0
          37.8047360,55.7579460,0.0
          37.8048590,55.7578510,0.0
          37.8048360,55.7578090,0.0
          37.8048440,55.7577690,0.0
          37.8048590,55.7577070,0.0
          37.8048150,55.7576760,0.0
          37.8048240,55.7576020,0.0
          37.8048010,55.7575600,0.0
          37.8047740,55.7575240,0.0
          37.8047480,55.7574940,0.0
          37.8047280,55.7574470,0.0
          37.8046780,55.7574030,0.0
          37.8046280,55.7573630,0.0
          37.8045980,55.7573260,0.0
          37.8045600,55.7572920,0.0
          37.8045620,55.7572280,0.0
          37.8045550,55.7571560,0.0
          37.8045320,55.7571140,0.0
          37.8045150,55.7570720,0.0
          37.8045430,55.7570180,0.0
          37.8045210,55.7569760,0.0
          37.8045130,55.7569290,0.0
          37.8045100,55.7568960,0.0
          37.8045050,55.7568560,0.0
          37.8044710,55.7568330,0.0
          37.8044740,55.7567960,0.0
          37.8044670,55.7567790,0.0
          37.8044710,55.7567600,0.0
          37.8044660,55.7567410,0.0
          37.8044680,55.7567150,0.0
          37.8044610,55.7566880,0.0
          37.8043960,55.7566640,0.0
          37.8043890,55.7566200,0.0
          37.8043680,55.7565890,0.0
          37.8043390,55.7565580,0.0
          37.8043390,55.7565030,0.0
          37.8042950,55.7564350,0.0
          37.8042970,55.7563810,0.0
          37.8042690,55.7563430,0.0
          37.8042810,55.7562840,0.0
          37.8042440,55.7562380,0.0
          37.8042360,55.7561850,0.0
          37.8042210,55.7561340,0.0
          37.8041760,55.7560960,0.0
          37.8041610,55.7560390,0.0
          37.8041570,55.7559880,0.0
          37.8041450,55.7559160,0.0
          37.8041320,55.7558610,0.0
          37.8040960,55.7558220,0.0
          37.8040910,55.7557520,0.0
          37.8040700,55.7556830,0.0
          37.8040650,55.7556030,0.0
          37.8040440,55.7555510,0.0
          37.8040290,55.7555100,0.0
          37.8039780,55.7554280,0.0
          37.8039360,55.7553630,0.0
          37.8039700,55.7552870,0.0
          37.8039760,55.7551980,0.0
          37.8039350,55.7551580,0.0
          37.8039530,55.7550850,0.0
          37.8038960,55.7550320,0.0
          37.8038010,55.7549810,0.0
          37.8037940,55.7549220,0.0
          37.8037130,55.7549000,0.0
          37.8036730,55.7548500,0.0
          37.8036660,55.7547920,0.0
          37.8036770,55.7547230,0.0
          37.8036670,55.7546520,0.0
          37.8036290,55.7545540,0.0
          37.8034990,55.7545430,0.0
          37.8035080,55.7544910,0.0
          37.8034920,55.7544340,0.0
          37.8034440,55.7543700,0.0
          37.8034720,55.7543380,0.0
          37.8034000,55.7542960,0.0
          37.8033870,55.7542320,0.0
          37.8033610,55.7541510,0.0
          37.8033390,55.7540920,0.0
          37.8033420,55.7540640,0.0
          37.8033320,55.7540370,0.0
          37.8033040,55.7540150,0.0
          37.8032920,55.7539910,0.0
          37.8032660,55.7539660,0.0
          37.8032680,55.7539490,0.0
          37.8032610,55.7539340,0.0
          37.8032320,55.7539440,0.0
          37.8032480,55.7539450,0.0
          37.8032460,55.7539400,0.0
          37.8032570,55.7539290,0.0
          37.8032480,55.7539280,0.0
          37.8032450,55.7539270,0.0
          37.8032410,55.7539260,0.0
          37.8032320,55.7539290,0.0
          37.8032480,55.7539180,0.0
          37.8032590,55.7539160,0.0
          37.8032590,55.7539170,0.0
          37.8032620,55.7539110,0.0
          37.8032680,55.7539090,0.0
          37.8032680,55.7539110,0.0
          37.8032660,55.7539130,0.0
          37.8032670,55.7539120,0.0
          37.8032670,55.7539130,0.0
          37.8032660,55.7539130,0.0
          37.8032670,55.7539130,0.0
          37.8032640,55.7539130,0.0
          37.8032620,55.7539140,0.0
          37.8032600,55.7539150,0.0
          37.8032480,55.7538910,0.0
          37.8032340,55.7538610,0.0
          37.8032200,55.7538290,0.0
          37.8031850,55.7537840,0.0
          37.8031640,55.7537350,0.0
          37.8031400,55.7537000,0.0
          37.8031180,55.7536390,0.0
          37.8030970,55.7535810,0.0
          37.8030760,55.7535160,0.0
          37.8030610,55.7534690,0.0
          37.8030390,55.7534050,0.0
          37.8030460,55.7533330,0.0
          37.8030100,55.7532820,0.0
          37.8029720,55.7532280,0.0
          37.8029290,55.7531820,0.0
          37.8028860,55.7531480,0.0
          37.8028300,55.7531210,0.0
          37.8027700,55.7530750,0.0
          37.8027050,55.7530530,0.0
          37.8026420,55.7529970,0.0
          37.8027120,55.7528750,0.0
          37.8026240,55.7528760,0.0
          37.8026470,55.7528090,0.0
          37.8026210,55.7527650,0.0
          37.8025930,55.7527060,0.0
          37.8025720,55.7526500,0.0
          37.8025140,55.7526100,0.0
          37.8025120,55.7525480,0.0
          37.8023980,55.7524920,0.0
          37.8023420,55.7524540,0.0
          37.8023200,55.7523910,0.0
          37.8023550,55.7523340,0.0
          37.8024030,55.7522450,0.0
          37.8023340,55.7522030,0.0
          37.8023230,55.7521040,0.0
          37.8024380,55.7519880,0.0
          37.8024160,55.7519250,0.0
          37.8023660,55.7518680,0.0
          37.8023730,55.7517760,0.0
          37.8023190,55.7517280,0.0
          37.8023010,55.7516280,0.0
          37.8022300,55.7515910,0.0
          37.8022150,55.7515130,0.0
          37.8022210,55.7514400,0.0
          37.8022350,55.7513560,0.0
          37.8021530,55.7512990,0.0
          37.8021430,55.7512570,0.0
          37.8020850,55.7511990,0.0
          37.8020400,55.7511490,0.0
          37.8019980,55.7510860,0.0
          37.8019660,55.7510320,0.0
          37.8019410,55.7509500,0.0
          37.8019310,55.7508830,0.0
          37.8019040,55.7508330,0.0
          37.8019140,55.7507590,0.0
          37.8018900,55.7507030,0.0
          37.8018760,55.7506350,0.0
          37.8017830,55.7505780,0.0
          37.8017480,55.7505320,0.0
          37.8017350,55.7504740,0.0
          37.8017280,55.7504130,0.0
          37.8017040,55.7503590,0.0
          37.8016460,55.7503300,0.0
          37.8016410,55.7502660,0.0
          37.8015930,55.7502350,0.0
          37.8015720,55.7501820,0.0
          37.8015460,55.7501330,0.0
          37.8015100,55.7500790,0.0
          37.8014660,55.7500380,0.0
          37.8014190,55.7500140,0.0
          37.8013430,55.7500100,0.0
          37.8012780,55.7500030,0.0
          37.8011970,55.7500020,0.0
          37.8010760,55.7499960,0.0
          37.8009420,55.7500030,0.0
          37.8009030,55.7499790,0.0
          37.8008100,55.7499720,0.0
          37.8007290,55.7499570,0.0
          37.8006930,55.7499510,0.0
          37.8006040,55.7499400,0.0
          37.8005690,55.7499260,0.0
          37.8005370,55.7498960,0.0
          37.8005240,55.7498800,0.0
          37.8005200,55.7498320,0.0
          37.8005260,55.7497810,0.0
          37.8005150,55.7497310,0.0
          37.8005470,55.7496640,0.0
          37.8005670,55.7496260,0.0
          37.8005250,55.7495910,0.0
          37.8005240,55.7495580,0.0
          37.8005520,55.7495260,0.0
          37.8005680,55.7494980,0.0
          37.8006240,55.7494410,0.0
          37.8006550,55.7493850,0.0
          37.8006990,55.7493540,0.0
          37.8007400,55.7493120,0.0
          37.8007700,55.7492570,0.0
          37.8008050,55.7492170,0.0
          37.8008020,55.7491780,0.0
          37.8008240,55.7491280,0.0
          37.8008890,55.7490580,0.0
          37.8009190,55.7490180,0.0
          37.8009120,55.7489610,0.0
          37.8009220,55.7489140,0.0
          37.8009740,55.7488450,0.0
          37.8010060,55.7487920,0.0
          37.8010020,55.7487600,0.0
          37.8010380,55.7486980,0.0
          37.8010030,55.7486620,0.0
          37.8010040,55.7486220,0.0
          37.8009580,55.7485740,0.0
          37.8009800,55.7485370,0.0
          37.8010260,55.7484860,0.0
          37.8010860,55.7484260,0.0
          37.8010960,55.7483910,0.0
          37.8011290,55.7483480,0.0
          37.8011470,55.7483050,0.0
          37.8012080,55.7482640,0.0
          37.8012340,55.7482120,0.0
          37.8012190,55.7481840,0.0
          37.8012550,55.7481390,0.0
          37.8013230,55.7480840,0.0
          37.8013680,55.7480290,0.0
          37.8014070,55.7479860,0.0
          37.8014530,55.7479370,0.0
          37.8014860,55.7478790,0.0
          37.8015350,55.7478200,0.0
          37.8015230,55.7477560,0.0
          37.8015290,55.7477180,0.0
          37.8015460,55.7476770,0.0
          37.8015510,55.7476460,0.0
          37.8015760,55.7475990,0.0
          37.8016310,55.7475340,0.0
          37.8016860,55.7474760,0.0
          37.8017600,55.7474200,0.0
          37.8017970,55.7473640,0.0
          37.8018390,55.7473200,0.0
          37.8018640,55.7472630,0.0
          37.8018100,55.7472440,0.0
          37.8017660,55.7472230,0.0
          37.8017080,55.7472140,0.0
          37.8016470,55.7472150,0.0
          37.8015880,55.7471970,0.0
          37.8015400,55.7471710,0.0
          37.8014690,55.7471530,0.0
          37.8013970,55.7471280,0.0
          37.8012950,55.7471160,0.0
          37.8012000,55.7470840,0.0
          37.8010950,55.7470890,0.0
          37.8010220,55.7470650,0.0
          37.8009340,55.7470460,0.0
          37.8008530,55.7470290,0.0
          37.8007860,55.7470160,0.0
          37.8007040,55.7470060,0.0
          37.8006490,55.7469940,0.0
          37.8005740,55.7469810,0.0
          37.8004870,55.7469680,0.0
          37.8003790,55.7469570,0.0
          37.8003090,55.7469350,0.0
          37.8002390,55.7469100,0.0
          37.8001620,55.7468880,0.0
          37.8000780,55.7468850,0.0
          37.7999790,55.7468690,0.0
          37.7999040,55.7468480,0.0
          37.7998210,55.7468320,0.0
          37.7997460,55.7468020,0.0
          37.7996470,55.7467790,0.0
          37.7995660,55.7467520,0.0
          37.7995000,55.7467410,0.0
          37.7994090,55.7467190,0.0
          37.7993470,55.7466920,0.0
          37.7992090,55.7467010,0.0
          37.7991220,55.7466870,0.0
          37.7989900,55.7466810,0.0
          37.7988670,55.7466770,0.0
          37.7987970,55.7466190,0.0
          37.7987840,55.7465600,0.0
          37.7987880,55.7464840,0.0
          37.7988010,55.7464090,0.0
          37.7987730,55.7463780,0.0
          37.7987640,55.7463170,0.0
          37.7987730,55.7462400,0.0
          37.7987600,55.7461830,0.0
          37.7987480,55.7461230,0.0
          37.7987440,55.7460640,0.0
          37.7987500,55.7460300,0.0
          37.7987410,55.7459770,0.0
          37.7987340,55.7459260,0.0
          37.7987150,55.7458810,0.0
          37.7987200,55.7458440,0.0
          37.7987200,55.7457850,0.0
          37.7987220,55.7457370,0.0
          37.7987160,55.7456800,0.0
          37.7987220,55.7456180,0.0
          37.7986960,55.7455630,0.0
          37.7986670,55.7455240,0.0
          37.7986600,55.7454420,0.0
          37.7986590,55.7453770,0.0
          37.7986420,55.7453160,0.0
          37.7986190,55.7452660,0.0
          37.7986340,55.7452270,0.0
          37.7986100,55.7451930,0.0
          37.7986000,55.7451550,0.0
          37.7986220,55.7451220,0.0
          37.7985950,55.7451020,0.0
          37.7985540,55.7450830,0.0
          37.7985610,55.7450690,0.0
          37.7986030,55.7450190,0.0
          37.7985690,55.7449990,0.0
          37.7985970,55.7449550,0.0
          37.7986170,55.7448970,0.0
          37.7986330,55.7448470,0.0
          37.7986120,55.7448030,0.0
          37.7986240,55.7447390,0.0
          37.7986060,55.7447030,0.0
          37.7986060,55.7446510,0.0
          37.7986320,55.7445940,0.0
          37.7986410,55.7445370,0.0
          37.7986610,55.7444760,0.0
          37.7986480,55.7444360,0.0
          37.7986300,55.7443840,0.0
          37.7986280,55.7443280,0.0
          37.7986380,55.7442640,0.0
          37.7986350,55.7442200,0.0
          37.7986500,55.7441500,0.0
          37.7986290,55.7440970,0.0
          37.7986460,55.7440300,0.0
          37.7986540,55.7439780,0.0
          37.7986600,55.7439120,0.0
          37.7986590,55.7438540,0.0
          37.7986440,55.7437940,0.0
          37.7986430,55.7437320,0.0
          37.7986630,55.7436820,0.0
          37.7986690,55.7436230,0.0
          37.7986670,55.7435630,0.0
          37.7986660,55.7435070,0.0
          37.7986760,55.7434570,0.0
          37.7986380,55.7433970,0.0
          37.7986360,55.7433490,0.0
          37.7986010,55.7433160,0.0
          37.7985970,55.7432560,0.0
          37.7985910,55.7431970,0.0
          37.7985950,55.7431350,0.0
          37.7986050,55.7430750,0.0
          37.7986310,55.7430140,0.0
          37.7986180,55.7429560,0.0
          37.7986110,55.7429070,0.0
          37.7985860,55.7428550,0.0
          37.7985720,55.7428200,0.0
          37.7985350,55.7427770,0.0
          37.7985530,55.7427140,0.0
          37.7985340,55.7426620,0.0
          37.7985610,55.7426020,0.0
          37.7985720,55.7425380,0.0
          37.7985650,55.7424960,0.0
          37.7985840,55.7424400,0.0
          37.7985720,55.7424000,0.0
          37.7985860,55.7423430,0.0
          37.7985830,55.7422930,0.0
          37.7985710,55.7422450,0.0
          37.7985860,55.7421880,0.0
          37.7985420,55.7421410,0.0
          37.7985310,55.7420900,0.0
          37.7985480,55.7420340,0.0
          37.7985290,55.7419860,0.0
          37.7985510,55.7419300,0.0
          37.7985450,55.7418750,0.0
          37.7985500,55.7418230,0.0
          37.7985280,55.7417770,0.0
          37.7985250,55.7417320,0.0
          37.7985050,55.7416880,0.0
          37.7984840,55.7416370,0.0
          37.7984810,55.7415980,0.0
          37.7984680,55.7415500,0.0
          37.7984580,55.7414980,0.0
          37.7984300,55.7414510,0.0
          37.7984270,55.7414070,0.0
          37.7984140,55.7413710,0.0
          37.7983980,55.7413140,0.0
          37.7983970,55.7412670,0.0
          37.7983710,55.7412310,0.0
          37.7983720,55.7411890,0.0
          37.7983300,55.7411460,0.0
          37.7982690,55.7411220,0.0
          37.7981930,55.7411240,0.0
          37.7980970,55.7411190,0.0
          37.7980370,55.7410960,0.0
          37.7979660,55.7410850,0.0
          37.7978840,55.7410740,0.0
          37.7977920,55.7410700,0.0
          37.7977040,55.7410540,0.0
          37.7976280,55.7410370,0.0
          37.7975460,55.7410200,0.0
          37.7974500,55.7410010,0.0
          37.7973570,55.7409810,0.0
          37.7972700,55.7409490,0.0
          37.7971940,55.7409290,0.0
          37.7971010,55.7409070,0.0
          37.7970060,55.7408980,0.0
          37.7969340,55.7408780,0.0
          37.7968360,55.7408560,0.0
          37.7967560,55.7408330,0.0
          37.7966710,55.7408140,0.0
          37.7965970,55.7408020,0.0
          37.7964920,55.7407950,0.0
          37.7964060,55.7407820,0.0
          37.7963450,55.7407570,0.0
          37.7962610,55.7407420,0.0
          37.7961720,55.7407270,0.0
          37.7960820,55.7407170,0.0
          37.7959950,55.7407140,0.0
          37.7959090,55.7407000,0.0
          37.7958140,55.7406840,0.0
          37.7957190,55.7406770,0.0
          37.7956400,55.7406740,0.0
          37.7955440,55.7406540,0.0
          37.7954520,55.7406380,0.0
          37.7953740,55.7406220,0.0
          37.7952920,55.7406170,0.0
          37.7952000,55.7406190,0.0
          37.7951400,55.7406130,0.0
          37.7950560,55.7406030,0.0
          37.7949870,55.7405850,0.0
          37.7948990,55.7405750,0.0
          37.7948360,55.7405580,0.0
          37.7947780,55.7405390,0.0
          37.7947100,55.7405310,0.0
          37.7946420,55.7405160,0.0
          37.7945330,55.7405120,0.0
          37.7944610,55.7404950,0.0
          37.7943850,55.7404710,0.0
          37.7943140,55.7404590,0.0
          37.7942720,55.7404400,0.0
          37.7942130,55.7404140,0.0
          37.7941740,55.7403850,0.0
          37.7941430,55.7403530,0.0
          37.7941130,55.7403370,0.0
          37.7940920,55.7403050,0.0
          37.7940840,55.7402780,0.0
          37.7940830,55.7402470,0.0
          37.7941160,55.7402390,0.0
          37.7941270,55.7402370,0.0
          37.7941250,55.7402340,0.0
          37.7941260,55.7402370,0.0
          37.7941270,55.7402210,0.0
          37.7941410,55.7402320,0.0
          37.7941620,55.7402340,0.0
          37.7941660,55.7402320,0.0
          37.7941770,55.7402310,0.0
          37.7941780,55.7402300,0.0
          37.7941850,55.7402340,0.0
          37.7941680,55.7402360,0.0
          37.7941690,55.7402370,0.0
          37.7941990,55.7402300,0.0
          37.7942070,55.7402200,0.0
          37.7942140,55.7402120,0.0
          37.7942200,55.7402130,0.0
          37.7942120,55.7402110,0.0
          37.7942200,55.7402070,0.0
          37.7942290,55.7401910,0.0
          37.7942350,55.7401800,0.0
          37.7942360,55.7401710,0.0
          37.7942450,55.7401610,0.0
          37.7942460,55.7401540,0.0
          37.7942600,55.7401520,0.0
          37.7942580,55.7401500,0.0
          37.7942710,55.7401450,0.0
          37.7942830,55.7401370,0.0
          37.7942950,55.7401320,0.0
          37.7943080,55.7401270,0.0
          37.7943180,55.7401190,0.0
          37.7943260,55.7401100,0.0
          37.7943300,55.7401050,0.0
          37.7943210,55.7401010,0.0
          37.7943260,55.7400980,0.0
          37.7943340,55.7400930,0.0
          37.7943420,55.7400830,0.0
          37.7943480,55.7400770,0.0
          37.7943440,55.7400720,0.0
          37.7943480,55.7400730,0.0
          37.7943470,55.7400720,0.0
          37.7943490,55.7400620,0.0
          37.7943590,55.7400580,0.0
          37.7943660,55.7400580,0.0
          37.7943690,55.7400470,0.0
          37.7943850,55.7400310,0.0
          37.7943860,55.7400200,0.0
          37.7944000,55.7400170,0.0
          37.7944000,55.7400070,0.0
          37.7944040,55.7399960,0.0
          37.7944140,55.7399860,0.0
          37.7944350,55.7399560,0.0
          37.7944340,55.7399580,0.0
          37.7944500,55.7399510,0.0
          37.7944530,55.7399340,0.0
          37.7944520,55.7399250,0.0
          37.7944580,55.7399200,0.0
          37.7944650,55.7399050,0.0
          37.7943990,55.7399380,0.0
          37.7944140,55.7399330,0.0
          37.7944150,55.7399340,0.0
          37.7943980,55.7399220,0.0
          37.7944330,55.7398980,0.0
          37.7944380,55.7398930,0.0
          37.7944350,55.7398850,0.0
          37.7944370,55.7398530,0.0
          37.7944400,55.7398370,0.0
          37.7944490,55.7398250,0.0
          37.7944690,55.7398070,0.0
          37.7944860,55.7397990,0.0
          37.7944970,55.7397760,0.0
          37.7945010,55.7397600,0.0
          37.7945130,55.7397520,0.0
          37.7945180,55.7397460,0.0
          37.7945400,55.7397440,0.0
          37.7945380,55.7397370,0.0
          37.7945450,55.7397220,0.0
          37.7945550,55.7397120,0.0
          37.7945580,55.7396990,0.0
          37.7945720,55.7396800,0.0
          37.7945810,55.7396720,0.0
          37.7945810,55.7396640,0.0
          37.7945790,55.7396530,0.0
          37.7945840,55.7396410,0.0
          37.7945950,55.7396270,0.0
          37.7946070,55.7396120,0.0
          37.7946250,55.7396010,0.0
          37.7946330,55.7395880,0.0
          37.7946450,55.7395730,0.0
          37.7946400,55.7395630,0.0
          37.7946350,55.7395460,0.0
          37.7946380,55.7395290,0.0
          37.7946530,55.7395360,0.0
          37.7946580,55.7395350,0.0
          37.7946810,55.7395250,0.0
          37.7946840,55.7395080,0.0
          37.7946730,55.7395060,0.0
          37.7946810,55.7394920,0.0
          37.7946820,55.7394820,0.0
          37.7946830,55.7394720,0.0
          37.7947020,55.7394630,0.0
          37.7947100,55.7394520,0.0
          37.7947120,55.7394530,0.0
          37.7947420,55.7394520,0.0
          37.7947520,55.7394480,0.0
          37.7947600,55.7394490,0.0
          37.7947550,55.7394460,0.0
          37.7947580,55.7394440,0.0
          37.7947600,55.7394420,0.0
          37.7947620,55.7394400,0.0
          37.7947600,55.7394370,0.0
          37.7947620,55.7394310,0.0
          37.7947660,55.7394270,0.0
          37.7947650,55.7394250,0.0
          37.7947660,55.7394190,0.0
          37.7947850,55.7394080,0.0
          37.7947910,55.7394060,0.0
          37.7948050,55.7394060,0.0
          37.7948040,55.7394220,0.0
          37.7948060,55.7394380,0.0
          37.7948190,55.7394390,0.0
          37.7948260,55.7394400,0.0
          37.7948400,55.7394380,0.0
          37.7948440,55.7394690,0.0
          37.7948670,55.7394670,0.0
          37.7948820,55.7394690,0.0
          37.7949020,55.7394880,0.0
          37.7949160,55.7394780,0.0
          37.7949310,55.7394810,0.0
          37.7949550,55.7394830,0.0
          37.7950010,55.7394690,0.0
          37.7950240,55.7394730,0.0
          37.7950420,55.7394750,0.0
          37.7950300,55.7394670,0.0
          37.7950340,55.7394710,0.0
          37.7950420,55.7394600,0.0
          37.7950640,55.7394620,0.0
          37.7950790,55.7394650,0.0
          37.7950880,55.7394730,0.0
          37.7951020,55.7394730,0.0
          37.7951240,55.7394870,0.0
          37.7951250,55.7394920,0.0
          37.7951540,55.7394840,0.0
          37.7951670,55.7394910,0.0
          37.7951900,55.7394900,0.0
          37.7952010,55.7394940,0.0
          37.7952120,55.7394980,0.0
          37.7952240,55.7394930,0.0
          37.7952260,55.7394940,0.0
          37.7952220,55.7394960,0.0
          37.7952110,55.7394960,0.0
          37.7952110,55.7394940,0.0
          37.7951980,55.7394750,0.0
          37.7951630,55.7394790,0.0
          37.7951130,55.7394910,0.0
          37.7950860,55.7394940,0.0
          37.7950470,55.7394970,0.0
          37.7949860,55.7395060,0.0
          37.7949540,55.7394820,0.0
          37.7949340,55.7394580,0.0
          37.7948960,55.7394450,0.0
          37.7948700,55.7394340,0.0
          37.7948080,55.7394060,0.0
          37.7947630,55.7393920,0.0
          37.7947100,55.7393830,0.0
          37.7946730,55.7393750,0.0
          37.7946400,55.7393690,0.0
          37.7946130,55.7393560,0.0
          37.7946070,55.7393350,0.0
          37.7946110,55.7393330,0.0
          37.7946280,55.7393190,0.0
          37.7946360,55.7392970,0.0
          37.7946460,55.7392720,0.0
          37.7946550,55.7392540,0.0
          37.7946310,55.7392240,0.0
          37.7946090,55.7391980,0.0
          37.7945790,55.7391820,0.0
          37.7945590,55.7391500,0.0
          37.7945470,55.7391260,0.0
          37.7945380,55.7390960,0.0
          37.7945630,55.7390630,0.0
          37.7945720,55.7390260,0.0
          37.7945840,55.7390140,0.0
          37.7946000,55.7389920,0.0
          37.7946180,55.7389660,0.0
          37.7946580,55.7389370,0.0
          37.7946900,55.7389000,0.0
          37.7946940,55.7388780,0.0
          37.7947160,55.7388640,0.0
          37.7947260,55.7388420,0.0
          37.7947720,55.7388170,0.0
          37.7947960,55.7388120,0.0
          37.7948080,55.7387970,0.0
          37.7948060,55.7387880,0.0
          37.7947980,55.7387990,0.0
          37.7947930,55.7387910,0.0
          37.7947940,55.7387940,0.0
          37.7947910,55.7387870,0.0
          37.7947600,55.7387800,0.0
          37.7947640,55.7387720,0.0
          37.7947680,55.7387670,0.0
          37.7947670,55.7387730,0.0
          37.7947610,55.7387780,0.0
          37.7947640,55.7387770,0.0
          37.7947610,55.7387770,0.0
          37.7947590,55.7387770,0.0
          37.7947570,55.7387760,0.0
          37.7947550,55.7387760,0.0
          37.7947560,55.7387760,0.0
          37.7947570,55.7387740,0.0
          37.7947560,55.7387710,0.0
          37.7947560,55.7387700,0.0
          37.7947570,55.7387710,0.0
          37.7947560,55.7387720,0.0
          37.7947560,55.7387730,0.0
          37.7947630,55.7387670,0.0
          37.7947740,55.7387650,0.0
          37.7947540,55.7387840,0.0
          37.7947520,55.7387820,0.0
          37.7947580,55.7387790,0.0
          37.7947540,55.7387760,0.0
          37.7947550,55.7387770,0.0
          37.7947430,55.7387720,0.0
          37.7947180,55.7387810,0.0
          37.7947140,55.7387820,0.0
          37.7947230,55.7387710,0.0
          37.7947300,55.7387660,0.0
          37.7947280,55.7387630,0.0
          37.7947380,55.7387750,0.0
          37.7947410,55.7387740,0.0
          37.7947420,55.7387750,0.0
          37.7947440,55.7387760,0.0
          37.7947350,55.7387710,0.0
          37.7947360,55.7387690,0.0
          37.7947370,55.7387580,0.0
          37.7947360,55.7387600,0.0
          37.7947370,55.7387580,0.0
          37.7947380,55.7387590,0.0
          37.7947390,55.7387600,0.0
          37.7947410,55.7387620,0.0
          37.7947770,55.7387150,0.0
          37.7948040,55.7386840,0.0
          37.7948270,55.7386590,0.0
          37.7948270,55.7386030,0.0
          37.7948800,55.7385710,0.0
          37.7949110,55.7385420,0.0
          37.7949850,55.7385110,0.0
          37.7949750,55.7384780,0.0
          37.7949840,55.7384520,0.0
          37.7949690,55.7384200,0.0
          37.7949770,55.7383730,0.0
          37.7950140,55.7383430,0.0
          37.7950530,55.7383150,0.0
          37.7950760,55.7382810,0.0
          37.7950910,55.7382430,0.0
          37.7951200,55.7382210,0.0
          37.7951480,55.7381850,0.0
          37.7951780,55.7381560,0.0
          37.7952200,55.7381060,0.0
          37.7952610,55.7380360,0.0
          37.7952860,55.7380070,0.0
          37.7953220,55.7379450,0.0
          37.7953370,55.7379160,0.0
          37.7953630,55.7378730,0.0
          37.7953460,55.7378520,0.0
          37.7953370,55.7378460,0.0
          37.7953630,55.7378090,0.0
          37.7953880,55.7377750,0.0
          37.7954080,55.7377430,0.0
          37.7954300,55.7377070,0.0
          37.7954450,55.7376630,0.0
          37.7954280,55.7376350,0.0
          37.7954440,55.7376020,0.0
          37.7954700,55.7375760,0.0
          37.7954520,55.7375600,0.0
          37.7954690,55.7375230,0.0
          37.7954820,55.7374860,0.0
          37.7954970,55.7374480,0.0
          37.7954950,55.7374130,0.0
          37.7955060,55.7373840,0.0
          37.7955420,55.7373620,0.0
          37.7955450,55.7373380,0.0
          37.7956400,55.7373210,0.0
          37.7956920,55.7372860,0.0
          37.7957260,55.7372400,0.0
          37.7957390,55.7372070,0.0
          37.7957410,55.7371490,0.0
          37.7957640,55.7371240,0.0
          37.7957690,55.7370980,0.0
          37.7957940,55.7370630,0.0
          37.7958360,55.7370310,0.0
          37.7959000,55.7369980,0.0
          37.7959380,55.7369750,0.0
          37.7959780,55.7369490,0.0
          37.7959950,55.7369220,0.0
          37.7960180,55.7368960,0.0
          37.7959940,55.7368710,0.0
          37.7959870,55.7368360,0.0
          37.7959770,55.7368180,0.0
          37.7958980,55.7368200,0.0
          37.7958520,55.7368120,0.0
          37.7957690,55.7368360,0.0
          37.7957190,55.7368410,0.0
          37.7956810,55.7368460,0.0
          37.7956150,55.7368560,0.0
          37.7955640,55.7368470,0.0
          37.7955180,55.7368300,0.0
          37.7954640,55.7368360,0.0
          37.7954340,55.7368460,0.0
          37.7954010,55.7368660,0.0
          37.7953710,55.7368940,0.0
          37.7953370,55.7369210,0.0
          37.7953120,55.7369540,0.0
          37.7953000,55.7369960,0.0
          37.7952680,55.7370260,0.0
          37.7951960,55.7370540,0.0
          37.7951230,55.7370690,0.0
          37.7950610,55.7370850,0.0
          37.7950180,55.7371170,0.0
          37.7949880,55.7371540,0.0
          37.7949650,55.7371950,0.0
          37.7949660,55.7372330,0.0
          37.7949570,55.7372710,0.0
          37.7949530,55.7373080,0.0
          37.7949520,55.7373450,0.0
          37.7949540,55.7373820,0.0
          37.7949610,55.7374160,0.0
          37.7949810,55.7374640,0.0
          37.7949940,55.7374990,0.0
          37.7949730,55.7375280,0.0
          37.7949350,55.7375580,0.0
          37.7948840,55.7375700,0.0
          37.7948150,55.7375500,0.0
          37.7947510,55.7375320,0.0
          37.7947070,55.7375050,0.0
          37.7946810,55.7374450,0.0
          37.7946270,55.7373820,0.0
          37.7945890,55.7373290,0.0
          37.7946230,55.7372780,0.0
          37.7946440,55.7372240,0.0
          37.7946450,55.7372020,0.0
          37.7946690,55.7371600,0.0
          37.7946970,55.7370980,0.0
          37.7947080,55.7370840,0.0
          37.7947570,55.7370590,0.0
          37.7948110,55.7370440,0.0
          37.7948660,55.7370360,0.0
          37.7949140,55.7370470,0.0
          37.7949380,55.7370380,0.0
          37.7949870,55.7370420,0.0
          37.7950520,55.7370330,0.0
          37.7951160,55.7370300,0.0
          37.7951800,55.7370190,0.0
          37.7952050,55.7369900,0.0
          37.7952170,55.7369610,0.0
          37.7952330,55.7369360,0.0
          37.7952190,55.7369080,0.0
          37.7952390,55.7368840,0.0
          37.7952830,55.7368540,0.0
          37.7953260,55.7368170,0.0
          37.7953620,55.7367630,0.0
          37.7953830,55.7367230,0.0
          37.7954200,55.7366890,0.0
          37.7954240,55.7366530,0.0
          37.7954310,55.7366040,0.0
          37.7954530,55.7365530,0.0
          37.7954920,55.7365010,0.0
          37.7955070,55.7364480,0.0
          37.7955030,55.7364000,0.0
          37.7955110,55.7363570,0.0
          37.7955630,55.7363040,0.0
          37.7955860,55.7362490,0.0
          37.7955950,55.7361950,0.0
          37.7956010,55.7361390,0.0
          37.7955950,55.7360820,0.0
          37.7956000,55.7360410,0.0
          37.7956380,55.7359970,0.0
          37.7956440,55.7359480,0.0
          37.7956640,55.7359080,0.0
          37.7956640,55.7358610,0.0
          37.7956780,55.7358270,0.0
          37.7956680,55.7357910,0.0
          37.7956560,55.7357720,0.0
          37.7956490,55.7357640,0.0
          37.7956250,55.7357640,0.0
          37.7955720,55.7357710,0.0
          37.7954990,55.7357820,0.0
          37.7954210,55.7357860,0.0
          37.7953360,55.7357910,0.0
          37.7952510,55.7358000,0.0
          37.7951600,55.7358120,0.0
          37.7950700,55.7358350,0.0
          37.7949750,55.7358490,0.0
          37.7948740,55.7358630,0.0
          37.7947800,55.7358640,0.0
          37.7947020,55.7358740,0.0
          37.7946140,55.7358950,0.0
          37.7945410,55.7359260,0.0
          37.7944470,55.7359510,0.0
          37.7943380,55.7359820,0.0
          37.7942500,55.7359960,0.0
          37.7941810,55.7359880,0.0
          37.7940660,55.7359960,0.0
          37.7939810,55.7360020,0.0
          37.7938850,55.7360220,0.0
          37.7938200,55.7360210,0.0
          37.7937920,55.7360050,0.0
          37.7937590,55.7359890,0.0
          37.7937540,55.7359650,0.0
          37.7937500,55.7359450,0.0
          37.7936980,55.7359260,0.0
          37.7936820,55.7358910,0.0
          37.7936780,55.7358540,0.0
          37.7936930,55.7358180,0.0
          37.7936850,55.7357970,0.0
          37.7936560,55.7357400,0.0
          37.7936640,55.7356980,0.0
          37.7936770,55.7356360,0.0
          37.7936510,55.7356140,0.0
          37.7935940,55.7355740,0.0
          37.7935810,55.7355350,0.0
          37.7935560,55.7354940,0.0
          37.7934980,55.7354530,0.0
          37.7934670,55.7353960,0.0
          37.7934380,55.7353720,0.0
          37.7934300,55.7353330,0.0
          37.7934190,55.7352840,0.0
          37.7934080,55.7352560,0.0
          37.7933890,55.7352140,0.0
          37.7933730,55.7351740,0.0
          37.7933760,55.7351520,0.0
          37.7933700,55.7351230,0.0
          37.7933690,55.7350840,0.0
          37.7933550,55.7350490,0.0
          37.7933320,55.7350180,0.0
          37.7932980,55.7349930,0.0
          37.7932550,55.7349760,0.0
          37.7932180,55.7349540,0.0
          37.7931970,55.7349340,0.0
          37.7931780,55.7349030,0.0
          37.7931780,55.7348640,0.0
          37.7931810,55.7348260,0.0
          37.7931900,55.7347970,0.0
          37.7931880,55.7347650,0.0
          37.7931790,55.7347390,0.0
          37.7931660,55.7347110,0.0
          37.7931530,55.7346890,0.0
          37.7931450,55.7346520,0.0
          37.7931440,55.7346280,0.0
          37.7931530,55.7345930,0.0
          37.7931430,55.7345520,0.0
          37.7931080,55.7345240,0.0
          37.7930690,55.7344810,0.0
          37.7930350,55.7344410,0.0
          37.7930200,55.7344260,0.0
          37.7929950,55.7344040,0.0
          37.7929870,55.7343650,0.0
          37.7929750,55.7343310,0.0
          37.7929680,55.7343070,0.0
          37.7929620,55.7342810,0.0
          37.7929680,55.7342490,0.0
          37.7929780,55.7342280,0.0
          37.7929860,55.7341960,0.0
          37.7930200,55.7341690,0.0
          37.7930410,55.7341380,0.0
          37.7930570,55.7341100,0.0
          37.7930620,55.7340780,0.0
          37.7930720,55.7340480,0.0
          37.7930840,55.7340320,0.0
          37.7931200,55.7339980,0.0
          37.7931370,55.7339830,0.0
          37.7931490,55.7339620,0.0
          37.7931610,55.7339480,0.0
          37.7931760,55.7339290,0.0
          37.7931840,55.7339010,0.0
          37.7932300,55.7338900,0.0
          37.7932700,55.7338780,0.0
          37.7933100,55.7338880,0.0
          37.7933530,55.7338910,0.0
          37.7933900,55.7338880,0.0
          37.7934230,55.7338880,0.0
          37.7934600,55.7338840,0.0
          37.7935020,55.7338780,0.0
          37.7935390,55.7338990,0.0
          37.7936010,55.7338960,0.0
          37.7936190,55.7339310,0.0
          37.7936160,55.7339310,0.0
          37.7936400,55.7339450,0.0
          37.7936330,55.7339470,0.0
          37.7936500,55.7339410,0.0
          37.7936560,55.7339350,0.0
          37.7936530,55.7339380,0.0
          37.7936300,55.7339440,0.0
          37.7936210,55.7339480,0.0
          37.7936450,55.7339410,0.0
          37.7936380,55.7339380,0.0
          37.7936410,55.7339310,0.0
          37.7936440,55.7339280,0.0
          37.7936450,55.7339260,0.0
          37.7936460,55.7339230,0.0
          37.7936490,55.7339220,0.0
          37.7936500,55.7339220,0.0
          37.7936540,55.7339210,0.0
          37.7936580,55.7339200,0.0
          37.7936580,55.7339210,0.0
          37.7936620,55.7339210,0.0
          37.7936650,55.7339240,0.0
          37.7936700,55.7339180,0.0
          37.7936720,55.7339140,0.0
          37.7936680,55.7339140,0.0
          37.7936690,55.7339120,0.0
          37.7936680,55.7339110,0.0
          37.7936700,55.7339100,0.0
          37.7936710,55.7339090,0.0
          37.7936720,55.7339080,0.0
          37.7936730,55.7339080,0.0
          37.7937430,55.7338980,0.0
          37.7938040,55.7338940,0.0
          37.7938510,55.7338720,0.0
          37.7939120,55.7338650,0.0
          37.7939430,55.7338650,0.0
          37.7939950,55.7338720,0.0
          37.7940910,55.7338900,0.0
          37.7941500,55.7338860,0.0
          37.7942250,55.7338920,0.0
          37.7943380,55.7339100,0.0
          37.7944280,55.7339190,0.0
          37.7945260,55.7339250,0.0
          37.7946260,55.7339310,0.0
          37.7946900,55.7339180,0.0
          37.7947750,55.7339190,0.0
          37.7948200,55.7339020,0.0
          37.7948860,55.7339000,0.0
          37.7949520,55.7339030,0.0
          37.7950120,55.7339110,0.0
          37.7950890,55.7339390,0.0
          37.7951550,55.7339440,0.0
          37.7952060,55.7339370,0.0
          37.7952580,55.7339420,0.0
          37.7953290,55.7339290,0.0
          37.7953910,55.7339380,0.0
          37.7954790,55.7339280,0.0
          37.7955480,55.7339260,0.0
          37.7956210,55.7339280,0.0
          37.7956910,55.7339310,0.0
          37.7957550,55.7339510,0.0
          37.7958040,55.7339540,0.0
          37.7958420,55.7339600,0.0
          37.7959000,55.7339600,0.0
          37.7959630,55.7339430,0.0
          37.7960530,55.7339400,0.0
          37.7961620,55.7339400,0.0
          37.7962910,55.7339320,0.0
          37.7964070,55.7339440,0.0
          37.7965480,55.7339380,0.0
          37.7966420,55.7339360,0.0
          37.7967210,55.7339510,0.0
          37.7968080,55.7339490,0.0
          37.7968680,55.7339500,0.0
          37.7969300,55.7339420,0.0
          37.7969830,55.7339290,0.0
          37.7970410,55.7339320,0.0
          37.7971220,55.7339220,0.0
          37.7971950,55.7339280,0.0
          37.7972640,55.7339320,0.0
          37.7973580,55.7339350,0.0
          37.7974220,55.7339520,0.0
          37.7975050,55.7339650,0.0
          37.7975780,55.7339640,0.0
          37.7976460,55.7339630,0.0
          37.7977280,55.7339510,0.0
          37.7977730,55.7339550,0.0
          37.7978180,55.7339590,0.0
          37.7979000,55.7339700,0.0
          37.7979780,55.7339740,0.0
          37.7980510,55.7339660,0.0
          37.7981330,55.7339620,0.0
          37.7982150,55.7339600,0.0
          37.7983120,55.7339630,0.0
          37.7983750,55.7339660,0.0
          37.7984490,55.7339260,0.0
          37.7985110,55.7339020,0.0
          37.7985730,55.7339100,0.0
          37.7986310,55.7339250,0.0
          37.7986820,55.7339460,0.0
          37.7987210,55.7339760,0.0
          37.7987890,55.7339870,0.0
          37.7988410,55.7340040,0.0
          37.7988890,55.7340360,0.0
          37.7989380,55.7340610,0.0
          37.7989870,55.7340830,0.0
          37.7990140,55.7341050,0.0
          37.7990340,55.7341340,0.0
          37.7990670,55.7341550,0.0
          37.7991000,55.7341950,0.0
          37.7991570,55.7342060,0.0
          37.7992080,55.7342010,0.0
          37.7992560,55.7342060,0.0
          37.7992610,55.7341710,0.0
          37.7992790,55.7341580,0.0
          37.7993230,55.7341330,0.0
          37.7993250,55.7341100,0.0
          37.7993480,55.7340920,0.0
          37.7993450,55.7340620,0.0
          37.7993500,55.7340320,0.0
          37.7993830,55.7339900,0.0
          37.7994240,55.7339650,0.0
          37.7994540,55.7339370,0.0
          37.7995000,55.7338930,0.0
          37.7995280,55.7338640,0.0
          37.7995590,55.7338280,0.0
          37.7995870,55.7337980,0.0
          37.7996290,55.7337680,0.0
          37.7996840,55.7337400,0.0
          37.7997290,55.7337120,0.0
          37.7997850,55.7336900,0.0
          37.7998630,55.7336640,0.0
          37.7999420,55.7336380,0.0
          37.7999940,55.7336250,0.0
          37.8000510,55.7336220,0.0
          37.8001190,55.7336210,0.0
          37.8001880,55.7336290,0.0
          37.8002550,55.7336460,0.0
          37.8003220,55.7336620,0.0
          37.8003880,55.7336860,0.0
          37.8004410,55.7337080,0.0
          37.8004900,55.7337320,0.0
          37.8005440,55.7337520,0.0
          37.8006110,55.7337740,0.0
          37.8006680,55.7337960,0.0
          37.8007310,55.7338190,0.0
          37.8007840,55.7338490,0.0
          37.8008460,55.7338700,0.0
          37.8009080,55.7338890,0.0
          37.8009760,55.7339100,0.0
          37.8010330,55.7339310,0.0
          37.8010880,55.7339520,0.0
          37.8011360,55.7339670,0.0
          37.8011830,55.7339840,0.0
          37.8012260,55.7339980,0.0
          37.8012610,55.7340130,0.0
          37.8012980,55.7340300,0.0
          37.8013380,55.7340450,0.0
          37.8013660,55.7340640,0.0
          37.8013900,55.7340900,0.0
          37.8014170,55.7340700,0.0
          37.8014500,55.7340550,0.0
          37.8015300,55.7340500,0.0
          37.8015970,55.7340440,0.0
          37.8016500,55.7340540,0.0
          37.8017160,55.7340580,0.0
          37.8017680,55.7340620,0.0
          37.8018560,55.7340470,0.0
          37.8019360,55.7340430,0.0
          37.8020110,55.7340400,0.0
          37.8020910,55.7340590,0.0
          37.8021670,55.7340560,0.0
          37.8022370,55.7340460,0.0
          37.8023240,55.7340660,0.0
          37.8024030,55.7340590,0.0
          37.8024820,55.7340690,0.0
          37.8025340,55.7340700,0.0
          37.8025880,55.7340810,0.0
          37.8026410,55.7340780,0.0
          37.8026990,55.7340820,0.0
          37.8027640,55.7340860,0.0
          37.8028280,55.7340890,0.0
          37.8028820,55.7340800,0.0
          37.8029520,55.7340760,0.0
          37.8030160,55.7340750,0.0
          37.8031010,55.7340750,0.0
          37.8031490,55.7340700,0.0
          37.8032100,55.7340700,0.0
          37.8032830,55.7340710,0.0
          37.8033520,55.7340810,0.0
          37.8034160,55.7340720,0.0
          37.8034850,55.7340720,0.0
          37.8035560,55.7340740,0.0
          37.8036160,55.7340630,0.0
          37.8036780,55.7340500,0.0
          37.8037510,55.7340540,0.0
          37.8038170,55.7340440,0.0
          37.8038830,55.7340390,0.0
          37.8039480,55.7340400,0.0
          37.8040170,55.7340320,0.0
          37.8040790,55.7340190,0.0
          37.8041460,55.7340180,0.0
          37.8042070,55.7340190,0.0
          37.8042790,55.7340200,0.0
          37.8043500,55.7340220,0.0
          37.8044060,55.7340140,0.0
          37.8044810,55.7340300,0.0
          37.8045400,55.7340250,0.0
          37.8046100,55.7340040,0.0
          37.8046810,55.7339960,0.0
          37.8047340,55.7339790,0.0
          37.8047870,55.7339730,0.0
          37.8048280,55.7339650,0.0
          37.8048890,55.7339610,0.0
          37.8049300,55.7339440,0.0
          37.8049910,55.7339370,0.0
          37.8050470,55.7339180,0.0
          37.8051050,55.7339050,0.0
          37.8051340,55.7339010,0.0
          37.8051700,55.7338760,0.0
          37.8051820,55.7338230,0.0
          37.8052100,55.7338030,0.0
          37.8052260,55.7337680,0.0
          37.8052690,55.7337380,0.0
          37.8052840,55.7337060,0.0
          37.8052860,55.7336650,0.0
          37.8053020,55.7336490,0.0
          37.8053160,55.7336320,0.0
          37.8053320,55.7336110,0.0
          37.8053250,55.7335840,0.0
          37.8053080,55.7335560,0.0
          37.8053060,55.7335450,0.0
          37.8052980,55.7335320,0.0
          37.8052670,55.7335200,0.0
          37.8052270,55.7335000,0.0
          37.8052250,55.7334800,0.0
          37.8052910,55.7334680,0.0
          37.8053220,55.7334630,0.0
          37.8053700,55.7334440,0.0
          37.8054090,55.7334310,0.0
          37.8054270,55.7334170,0.0
          37.8054630,55.7334080,0.0
          37.8054890,55.7334050,0.0
          37.8055160,55.7333940,0.0
          37.8055120,55.7333900,0.0
          37.8054680,55.7334040,0.0
          37.8054760,55.7333850,0.0
          37.8054850,55.7333600,0.0
          37.8054900,55.7333800,0.0
          37.8054820,55.7333620,0.0
          37.8054910,55.7333540,0.0
          37.8054790,55.7333590,0.0
          37.8054680,55.7333490,0.0
          37.8054690,55.7333420,0.0
          37.8054660,55.7333380,0.0
          37.8054690,55.7333540,0.0
          37.8054710,55.7333500,0.0
          37.8054700,55.7333390,0.0
          37.8054710,55.7333280,0.0
          37.8054600,55.7333320,0.0
          37.8054500,55.7333230,0.0
          37.8054400,55.7333220,0.0
          37.8054420,55.7333470,0.0
          37.8054750,55.7333270,0.0
          37.8054920,55.7333220,0.0
          37.8054880,55.7333230,0.0
          37.8054830,55.7333320,0.0
          37.8054820,55.7333250,0.0
          37.8054800,55.7333220,0.0
          37.8054820,55.7333170,0.0
          37.8054480,55.7333180,0.0
          37.8054150,55.7333400,0.0
          37.8054020,55.7333440,0.0
          37.8054010,55.7333520,0.0
          37.8053880,55.7333500,0.0
          37.8053920,55.7333540,0.0
          37.8053930,55.7333580,0.0
          37.8053940,55.7333620,0.0
          37.8053960,55.7333630,0.0
          37.8053930,55.7333640,0.0
          37.8053910,55.7333640,0.0
          37.8053920,55.7333640,0.0
          37.8053920,55.7333650,0.0
          37.8053930,55.7333650,0.0
          37.8053940,55.7333660,0.0
          37.8053950,55.7333660,0.0
          37.8053990,55.7333720,0.0
          37.8053800,55.7333980,0.0
          37.8053770,55.7334000,0.0
          37.8053830,55.7333980,0.0
          37.8053890,55.7333950,0.0
          37.8053940,55.7333950,0.0
          37.8054040,55.7333940,0.0
          37.8054050,55.7333930,0.0
          37.8054020,55.7334000,0.0
          37.8054000,55.7333930,0.0
          37.8054010,55.7333920,0.0
          37.8054000,55.7333940,0.0
          37.8053830,55.7333980,0.0
          37.8053840,55.7333960,0.0
          37.8053880,55.7333880,0.0
          37.8053830,55.7333920,0.0
          37.8053860,55.7333950,0.0
          37.8053770,55.7334040,0.0
          37.8053810,55.7334080,0.0
          37.8053880,55.7334100,0.0
          37.8053940,55.7334130,0.0
          37.8053850,55.7334160,0.0
          37.8053970,55.7334140,0.0
          37.8053920,55.7334210,0.0
          37.8053970,55.7334280,0.0
          37.8053950,55.7334260,0.0
          37.8053320,55.7334290,0.0
          37.8053460,55.7334250,0.0
          37.8053480,55.7334240,0.0
          37.8053630,55.7334230,0.0
          37.8053650,55.7334240,0.0
          37.8053670,55.7334310,0.0
          37.8053950,55.7334420,0.0
          37.8054000,55.7334610,0.0
          37.8054060,55.7334550,0.0
          37.8054170,55.7334500,0.0
          37.8054090,55.7334560,0.0
          37.8054060,55.7334570,0.0
          37.8054050,55.7334490,0.0
          37.8053840,55.7334560,0.0
          37.8053890,55.7334510,0.0
          37.8053920,55.7334510,0.0
          37.8053950,55.7334540,0.0
          37.8054130,55.7334520,0.0
          37.8054400,55.7334620,0.0
          37.8054550,55.7334410,0.0
          37.8054670,55.7334350,0.0
          37.8055020,55.7334370,0.0
          37.8054880,55.7334300,0.0
          37.8054840,55.7334260,0.0
          37.8054850,55.7334230,0.0
          37.8054970,55.7334070,0.0
          37.8055160,55.7334080,0.0
          37.8055220,55.7334160,0.0
          37.8054730,55.7334370,0.0
          37.8054740,55.7334350,0.0
          37.8054760,55.7334440,0.0
          37.8054730,55.7334450,0.0
          37.8054590,55.7334440,0.0
          37.8054550,55.7334450,0.0
          37.8054560,55.7334400,0.0
          37.8054560,55.7334390,0.0
          37.8054530,55.7334360,0.0
          37.8054520,55.7334350,0.0
          37.8054590,55.7334330,0.0
          37.8054650,55.7334290,0.0
          37.8054700,55.7334350,0.0
          37.8054980,55.7334260,0.0
          37.8054970,55.7334260,0.0
          37.8054990,55.7334280,0.0
          37.8054960,55.7334320,0.0
          37.8054930,55.7334280,0.0
          37.8055010,55.7334270,0.0
          37.8055140,55.7334250,0.0
          37.8055320,55.7334220,0.0
          37.8055430,55.7334180,0.0
          37.8055700,55.7334130,0.0
          37.8055750,55.7334170,0.0
          37.8055810,55.7334210,0.0
          37.8055500,55.7334080,0.0
          37.8055670,55.7334000,0.0
          37.8055540,55.7333840,0.0
          37.8055560,55.7333750,0.0
          37.8055580,55.7333730,0.0
          37.8055300,55.7333820,0.0
          37.8055240,55.7333840,0.0
          37.8055320,55.7333840,0.0
          37.8055140,55.7333850,0.0
          37.8055090,55.7333860,0.0
          37.8055080,55.7333840,0.0
          37.8055200,55.7333640,0.0
          37.8055060,55.7333660,0.0
          37.8054740,55.7333600,0.0
          37.8054750,55.7333490,0.0
          37.8054730,55.7333470,0.0
          37.8054730,55.7333410,0.0
          37.8054800,55.7333360,0.0
          37.8054730,55.7333430,0.0
          37.8054680,55.7333500,0.0
          37.8054620,55.7333540,0.0
          37.8054590,55.7333620,0.0
          37.8054550,55.7333680,0.0
          37.8054470,55.7333770,0.0
          37.8054200,55.7333790,0.0
          37.8054180,55.7333870,0.0
          37.8054170,55.7333990,0.0
          37.8054110,55.7334070,0.0
          37.8054160,55.7334100,0.0
          37.8054080,55.7334100,0.0
          37.8053980,55.7334130,0.0
          37.8053900,55.7334160,0.0
          37.8053910,55.7334150,0.0
          37.8053970,55.7334150,0.0
          37.8054030,55.7334210,0.0
          37.8054040,55.7334210,0.0
          37.8054080,55.7334260,0.0
          37.8054110,55.7334240,0.0
          37.8054080,55.7334170,0.0
          37.8054130,55.7334140,0.0
          37.8054180,55.7334110,0.0
          37.8054220,55.7334100,0.0
          37.8054300,55.7334030,0.0
          37.8054170,55.7333990,0.0
          37.8054100,55.7334070,0.0
          37.8054090,55.7334050,0.0
          37.8053960,55.7333980,0.0
          37.8053860,55.7333990,0.0
          37.8053910,55.7334000,0.0
          37.8053880,55.7334030,0.0
          37.8053930,55.7334040,0.0
          37.8054000,55.7334020,0.0
          37.8054080,55.7334020,0.0
          37.8054080,55.7334070,0.0
          37.8054090,55.7334060,0.0
          37.8054140,55.7334060,0.0
          37.8054210,55.7334100,0.0
          37.8054160,55.7334110,0.0
          37.8054190,55.7334150,0.0
          37.8054260,55.7334100,0.0
          37.8054300,55.7334110,0.0
          37.8054300,55.7334120,0.0
          37.8054300,55.7334100,0.0
          37.8054250,55.7334100,0.0
          37.8054290,55.7334130,0.0
          37.8054250,55.7334140,0.0
          37.8054210,55.7334110,0.0
          37.8054140,55.7334080,0.0
          37.8054120,55.7334060,0.0
          37.8054090,55.7334000,0.0
          37.8054060,55.7334040,0.0
          37.8054100,55.7334020,0.0
          37.8054140,55.7334050,0.0
          37.8054160,55.7334060,0.0
          37.8054170,55.7334070,0.0
          37.8054190,55.7334070,0.0
          37.8054230,55.7334100,0.0
          37.8054240,55.7334080,0.0
          37.8054230,55.7334060,0.0
          37.8054240,55.7334040,0.0
          37.8054240,55.7334030,0.0
          37.8054240,55.7334020,0.0
          37.8054230,55.7334020,0.0
          37.8054240,55.7334140,0.0
          37.8054180,55.7334160,0.0
          37.8054170,55.7334220,0.0
          37.8054120,55.7334210,0.0
          37.8054200,55.7334220,0.0
          37.8054290,55.7334220,0.0
          37.8054370,55.7334160,0.0
          37.8054330,55.7334060,0.0
          37.8054350,55.7334070,0.0
          37.8054420,55.7334090,0.0
          37.8054430,55.7334070,0.0
          37.8054410,55.7334050,0.0
          37.8054460,55.7334040,0.0
          37.8054480,55.7334020,0.0
          37.8054440,55.7334040,0.0
          37.8054510,55.7334050,0.0
          37.8054550,55.7334060,0.0
          37.8054470,55.7334080,0.0
          37.8054500,55.7334090,0.0
          37.8054570,55.7334030,0.0
          37.8054620,55.7334000,0.0
          37.8054670,55.7333980,0.0
          37.8054720,55.7333970,0.0
          37.8054760,55.7334040,0.0
          37.8054840,55.7334020,0.0
          37.8054880,55.7333970,0.0
          37.8054920,55.7333940,0.0
          37.8054930,55.7333960,0.0
          37.8054760,55.7334010,0.0
          37.8054840,55.7333910,0.0
          37.8054830,55.7333900,0.0
          37.8054900,55.7333910,0.0
          37.8055060,55.7333850,0.0
          37.8054500,55.7334050,0.0
          37.8054060,55.7334090,0.0
          37.8054140,55.7334000,0.0
          37.8054210,55.7333970,0.0
          37.8054160,55.7333990,0.0
          37.8054120,55.7333920,0.0
          37.8054060,55.7333930,0.0
          37.8054000,55.7333930,0.0
          37.8054000,55.7333940,0.0
          37.8053900,55.7333970,0.0
          37.8053840,55.7333900,0.0
          37.8053840,55.7333890,0.0
          37.8053760,55.7333940,0.0
          37.8053660,55.7334020,0.0
          37.8053610,55.7334060,0.0
          37.8053710,55.7334030,0.0
          37.8053600,55.7334130,0.0
          37.8053760,55.7334090,0.0
          37.8053680,55.7333930,0.0
          37.8053700,55.7333880,0.0
          37.8053770,55.7333870,0.0
          37.8053740,55.7333820,0.0
          37.8053800,55.7333830,0.0
          37.8053910,55.7333830,0.0
          37.8053980,55.7333810,0.0
          37.8054000,55.7333820,0.0
          37.8053980,55.7333830,0.0
          37.8054020,55.7333880,0.0
          37.8054040,55.7333860,0.0
          37.8054010,55.7333870,0.0
          37.8053960,55.7333880,0.0
          37.8053960,55.7333900,0.0
          37.8053900,55.7333920,0.0
          37.8053940,55.7333880,0.0
          37.8054000,55.7333720,0.0
          37.8053840,55.7333840,0.0
          37.8053790,55.7333820,0.0
          37.8053880,55.7333870,0.0
          37.8053980,55.7333860,0.0
          37.8053990,55.7333870,0.0
          37.8053990,55.7333880,0.0
          37.8053870,55.7333870,0.0
          37.8053900,55.7333860,0.0
          37.8053910,55.7333810,0.0
          37.8053920,55.7333790,0.0
          37.8053940,55.7333790,0.0
          37.8053950,55.7333780,0.0
          37.8053840,55.7333820,0.0
          37.8053780,55.7333820,0.0
          37.8053780,55.7333800,0.0
          37.8053860,55.7333790,0.0
          37.8054010,55.7333720,0.0
          37.8054080,55.7333670,0.0
          37.8054060,55.7333720,0.0
          37.8054100,55.7333670,0.0
          37.8054140,55.7333630,0.0
          37.8053920,55.7333730,0.0
          37.8053960,55.7333720,0.0
          37.8054010,55.7333720,0.0
          37.8054060,55.7333700,0.0
          37.8054040,55.7333700,0.0
          37.8053990,55.7333720,0.0
          37.8054030,55.7333690,0.0
          37.8054070,55.7333710,0.0
          37.8054050,55.7333740,0.0
          37.8054000,55.7333800,0.0
          37.8053970,55.7333720,0.0
          37.8054020,55.7333940,0.0
          37.8053880,55.7334060,0.0
          37.8053780,55.7334080,0.0
          37.8053960,55.7334000,0.0
          37.8054010,55.7333900,0.0
          37.8053890,55.7333820,0.0
          37.8053990,55.7333720,0.0
          37.8054030,55.7333630,0.0
          37.8054040,55.7333570,0.0
          37.8054120,55.7333640,0.0
          37.8054170,55.7333620,0.0
          37.8054200,55.7333630,0.0
          37.8054250,55.7333620,0.0
          37.8054280,55.7333620,0.0
          37.8054320,55.7333640,0.0
          37.8054360,55.7333640,0.0
          37.8054380,55.7333650,0.0
          37.8054360,55.7333660,0.0
          37.8054460,55.7333690,0.0
          37.8054510,55.7333700,0.0
          37.8054530,55.7333710,0.0
          37.8054540,55.7333720,0.0
          37.8054550,55.7333720,0.0
          37.8054560,55.7333720,0.0
          37.8054570,55.7333720,0.0
          37.8054570,55.7333730,0.0
          37.8054650,55.7333740,0.0
          37.8054650,55.7333720,0.0
          37.8054630,55.7333710,0.0
          37.8054660,55.7333750,0.0
          37.8054600,55.7333670,0.0
          37.8054570,55.7333670,0.0
          37.8054580,55.7333650,0.0
          37.8054610,55.7333680,0.0
          37.8054590,55.7333680,0.0
          37.8054550,55.7333710,0.0
          37.8054570,55.7333720,0.0
          37.8054550,55.7333720,0.0
          37.8054540,55.7333720,0.0
          37.8054530,55.7333720,0.0
          37.8054550,55.7333720,0.0
          37.8054550,55.7333710,0.0
          37.8054560,55.7333710,0.0
          37.8054570,55.7333700,0.0
          37.8054570,55.7333710,0.0
          37.8054560,55.7333740,0.0
          37.8054400,55.7333620,0.0
          37.8054360,55.7333680,0.0
          37.8054250,55.7333660,0.0
          37.8054100,55.7333660,0.0
          37.8054090,55.7333670,0.0
          37.8054040,55.7333690,0.0
          37.8054040,55.7333700,0.0
          37.8054060,55.7333710,0.0
          37.8054080,55.7333720,0.0
          37.8054110,55.7333700,0.0
          37.8054160,55.7333660,0.0
          37.8054270,55.7333670,0.0
          37.8054380,55.7333660,0.0
          37.8054490,55.7333690,0.0
          37.8054560,55.7333690,0.0
          37.8054590,55.7333690,0.0
          37.8054580,55.7333700,0.0
          37.8054580,55.7333740,0.0
          37.8054730,55.7333820,0.0
          37.8054730,55.7333950,0.0
          37.8054730,55.7333990,0.0
          37.8054870,55.7333960,0.0
          37.8054920,55.7333910,0.0
          37.8054980,55.7333880,0.0
          37.8055060,55.7333880,0.0
          37.8055120,55.7333830,0.0
          37.8055180,55.7333840,0.0
          37.8055310,55.7333750,0.0
          37.8055310,55.7333740,0.0
          37.8055330,55.7333750,0.0
          37.8055360,55.7333810,0.0
          37.8055250,55.7333840,0.0
          37.8055140,55.7333870,0.0
          37.8055070,55.7333880,0.0
          37.8055020,55.7333900,0.0
          37.8054900,55.7333930,0.0
          37.8054770,55.7333910,0.0
          37.8054680,55.7333880,0.0
          37.8054640,55.7333830,0.0
          37.8054640,55.7333840,0.0
          37.8054680,55.7333840,0.0
          37.8054640,55.7333800,0.0
          37.8054610,55.7333780,0.0
          37.8054640,55.7333750,0.0
          37.8054640,55.7333720,0.0
          37.8054530,55.7333670,0.0
          37.8054490,55.7333660,0.0
          37.8054370,55.7333700,0.0
          37.8054310,55.7333690,0.0
          37.8054250,55.7333740,0.0
          37.8054190,55.7333730,0.0
          37.8054190,55.7333660,0.0
          37.8054190,55.7333670,0.0
          37.8054120,55.7333660,0.0
          37.8054300,55.7333530,0.0
          37.8054430,55.7333630,0.0
          37.8054430,55.7333530,0.0
          37.8054540,55.7333640,0.0
          37.8054710,55.7333540,0.0
          37.8054680,55.7333600,0.0
          37.8054740,55.7333670,0.0
          37.8054770,55.7333560,0.0
          37.8054590,55.7333560,0.0
          37.8054690,55.7333540,0.0
          37.8054710,55.7333590,0.0
          37.8054750,55.7333580,0.0
          37.8054810,55.7333600,0.0
          37.8054800,55.7333640,0.0
          37.8054770,55.7333620,0.0
          37.8054770,55.7333640,0.0
          37.8054840,55.7333630,0.0
          37.8054820,55.7333640,0.0
          37.8054890,55.7333630,0.0
          37.8054850,55.7333770,0.0
          37.8054870,55.7333800,0.0
          37.8054880,55.7333850,0.0
          37.8054760,55.7333930,0.0
          37.8054720,55.7333950,0.0
          37.8054680,55.7333960,0.0
          37.8054650,55.7333960,0.0
          37.8054610,55.7333990,0.0
          37.8054580,55.7333950,0.0
          37.8054600,55.7333940,0.0
          37.8054740,55.7333950,0.0
          37.8054710,55.7334000,0.0
          37.8054380,55.7334040,0.0
          37.8054260,55.7334030,0.0
          37.8054280,55.7334070,0.0
          37.8054180,55.7334100,0.0
          37.8054180,55.7334220,0.0
          37.8054120,55.7334240,0.0
          37.8054030,55.7334240,0.0
          37.8054040,55.7334270,0.0
          37.8054080,55.7334260,0.0
          37.8054130,55.7334260,0.0
          37.8054160,55.7334230,0.0
          37.8054220,55.7334210,0.0
          37.8054240,55.7334190,0.0
          37.8054170,55.7334200,0.0
          37.8054080,55.7334250,0.0
          37.8054020,55.7334240,0.0
          37.8054110,55.7334180,0.0
          37.8054190,55.7334080,0.0
          37.8054270,55.7334100,0.0
          37.8054120,55.7334090,0.0
          37.8054060,55.7334140,0.0
          37.8053860,55.7334000,0.0
          37.8053870,55.7333970,0.0
          37.8053920,55.7333920,0.0
          37.8053950,55.7333870,0.0
          37.8054000,55.7333850,0.0
          37.8054000,55.7333780,0.0
          37.8054020,55.7333760,0.0
          37.8054010,55.7333780,0.0
          37.8053990,55.7333830,0.0
          37.8054020,55.7333820,0.0
          37.8054010,55.7333810,0.0
          37.8054050,55.7333810,0.0
          37.8054060,55.7333810,0.0
          37.8054020,55.7333770,0.0
          37.8054120,55.7333760,0.0
          37.8054200,55.7333830,0.0
          37.8054210,55.7333900,0.0
          37.8054250,55.7333920,0.0
          37.8054290,55.7333930,0.0
          37.8054350,55.7334010,0.0
          37.8054510,55.7334110,0.0
          37.8054560,55.7334110,0.0
          37.8054610,55.7334130,0.0
          37.8054640,55.7334150,0.0
          37.8054660,55.7334180,0.0
          37.8054680,55.7334210,0.0
          37.8054730,55.7334210,0.0
          37.8054630,55.7334220,0.0
          37.8054580,55.7334280,0.0
          37.8054620,55.7334320,0.0
          37.8054660,55.7334330,0.0
          37.8054660,55.7334360,0.0
          37.8054690,55.7334380,0.0
          37.8054770,55.7334390,0.0
          37.8054780,55.7334390,0.0
          37.8054750,55.7334370,0.0
          37.8054830,55.7334350,0.0
          37.8054840,55.7334290,0.0
          37.8054830,55.7334290,0.0
          37.8054890,55.7334260,0.0
          37.8054950,55.7334210,0.0
          37.8055040,55.7334090,0.0
          37.8055070,55.7334060,0.0
          37.8055050,55.7334060,0.0
          37.8055070,55.7334060,0.0
          37.8054930,55.7334040,0.0
          37.8054970,55.7333990,0.0
          37.8054980,55.7333980,0.0
          37.8055000,55.7333950,0.0
          37.8054810,55.7333850,0.0
          37.8054720,55.7333930,0.0
          37.8054640,55.7333950,0.0
          37.8054390,55.7334020,0.0
          37.8054350,55.7334030,0.0
          37.8054550,55.7333900,0.0
          37.8054580,55.7333900,0.0
          37.8054570,55.7333870,0.0
          37.8054540,55.7333830,0.0
          37.8054500,55.7333810,0.0
          37.8054470,55.7333810,0.0
          37.8054440,55.7333880,0.0
          37.8054460,55.7333880,0.0
          37.8054440,55.7333920,0.0
          37.8054440,55.7333910,0.0
          37.8054550,55.7333860,0.0
          37.8054540,55.7333870,0.0
          37.8054530,55.7333880,0.0
          37.8054520,55.7333910,0.0
          37.8054560,55.7333950,0.0
          37.8054600,55.7333910,0.0
          37.8054480,55.7333980,0.0
          37.8054380,55.7333920,0.0
          37.8054340,55.7333880,0.0
          37.8054340,55.7333900,0.0
          37.8054420,55.7333870,0.0
          37.8054560,55.7333840,0.0
          37.8054530,55.7333830,0.0
          37.8054600,55.7333800,0.0
          37.8054650,55.7333810,0.0
          37.8054680,55.7333820,0.0
          37.8054720,55.7333820,0.0
          37.8054770,55.7333800,0.0
          37.8054830,55.7333680,0.0
          37.8054930,55.7333670,0.0
          37.8055020,55.7333660,0.0
          37.8055080,55.7333680,0.0
          37.8055070,55.7333680,0.0
          37.8055110,55.7333700,0.0
          37.8055150,55.7333680,0.0
          37.8055140,55.7333700,0.0
          37.8055150,55.7333680,0.0
          37.8055160,55.7333700,0.0
          37.8055100,55.7333690,0.0
          37.8055110,55.7333680,0.0
          37.8055140,55.7333680,0.0
          37.8055200,55.7333690,0.0
          37.8055190,55.7333700,0.0
          37.8055200,55.7333700,0.0
          37.8055200,55.7333750,0.0
          37.8055180,55.7333840,0.0
          37.8055370,55.7333820,0.0
          37.8055350,55.7333820,0.0
          37.8055190,55.7333870,0.0
          37.8055100,55.7333830,0.0
          37.8055160,55.7333820,0.0
          37.8055140,55.7333820,0.0
          37.8055060,55.7333810,0.0
          37.8055050,55.7333820,0.0
          37.8055110,55.7333810,0.0
          37.8055170,55.7333800,0.0
          37.8055170,55.7333790,0.0
          37.8055200,55.7333780,0.0
          37.8055220,55.7333770,0.0
          37.8055210,55.7333770,0.0
          37.8055220,55.7333750,0.0
          37.8055220,55.7333760,0.0
          37.8055220,55.7333750,0.0
          37.8055220,55.7333760,0.0
          37.8055100,55.7333770,0.0
          37.8055180,55.7333860,0.0
          37.8055210,55.7333910,0.0
          37.8055210,55.7333930,0.0
          37.8055210,55.7333940,0.0
          37.8055230,55.7333970,0.0
          37.8055160,55.7334000,0.0
          37.8055150,55.7334040,0.0
          37.8055130,55.7334040,0.0
          37.8055160,55.7334080,0.0
          37.8055160,55.7334110,0.0
          37.8055270,55.7334090,0.0
          37.8055250,55.7334060,0.0
          37.8055260,55.7334010,0.0
          37.8055080,55.7334100,0.0
          37.8054840,55.7334220,0.0
          37.8054820,55.7334210,0.0
          37.8054760,55.7334190,0.0
          37.8054710,55.7334220,0.0
          37.8054650,55.7334220,0.0
          37.8054650,55.7334190,0.0
          37.8054670,55.7334190,0.0
          37.8054660,55.7334170,0.0
          37.8054640,55.7334160,0.0
          37.8054570,55.7334120,0.0
          37.8054560,55.7334120,0.0
          37.8054600,55.7334020,0.0
          37.8054620,55.7333980,0.0
          37.8054570,55.7334030,0.0
          37.8054570,55.7334040,0.0
          37.8054520,55.7334010,0.0
          37.8054450,55.7334010,0.0
          37.8054230,55.7334080,0.0
          37.8054130,55.7334070,0.0
          37.8053760,55.7334200,0.0
          37.8053780,55.7334260,0.0
          37.8053730,55.7334110,0.0
          37.8053710,55.7334150,0.0
          37.8053530,55.7334030,0.0
          37.8053460,55.7334070,0.0
          37.8053510,55.7334050,0.0
          37.8053580,55.7334080,0.0
          37.8053480,55.7334060,0.0
          37.8053520,55.7334080,0.0
          37.8053520,55.7334100,0.0
          37.8053580,55.7333990,0.0
          37.8053570,55.7333960,0.0
          37.8053580,55.7333970,0.0
          37.8053520,55.7333810,0.0
          37.8053580,55.7333790,0.0
          37.8053580,55.7333730,0.0
          37.8053730,55.7333730,0.0
          37.8053850,55.7333690,0.0
          37.8053870,55.7333700,0.0
          37.8053920,55.7333720,0.0
          37.8053910,55.7333820,0.0
          37.8053950,55.7333800,0.0
          37.8053930,55.7333730,0.0
          37.8053940,55.7333710,0.0
          37.8053900,55.7333730,0.0
          37.8053940,55.7333700,0.0
          37.8053930,55.7333620,0.0
          37.8054020,55.7333600,0.0
          37.8054250,55.7333540,0.0
          37.8054340,55.7333470,0.0
          37.8054420,55.7333470,0.0
          37.8054400,55.7333510,0.0
          37.8054350,55.7333520,0.0
          37.8054380,55.7333510,0.0
          37.8054420,55.7333530,0.0
          37.8054400,55.7333610,0.0
          37.8054430,55.7333680,0.0
          37.8054330,55.7333730,0.0
          37.8054230,55.7333780,0.0
          37.8054040,55.7333930,0.0
          37.8054140,55.7333870,0.0
          37.8054260,55.7333860,0.0
          37.8054160,55.7333920,0.0
          37.8054310,55.7333830,0.0
          37.8054360,55.7333830,0.0
          37.8054400,55.7333840,0.0
          37.8054420,55.7333850,0.0
          37.8054500,55.7333850,0.0
          37.8054540,55.7333760,0.0
          37.8054470,55.7333790,0.0
          37.8054490,55.7333790,0.0
          37.8054540,55.7333810,0.0
          37.8054540,55.7333850,0.0
          37.8054550,55.7333850,0.0
          37.8054580,55.7333860,0.0
          37.8054590,55.7333860,0.0
          37.8054500,55.7333920,0.0
          37.8054360,55.7333940,0.0
          37.8054400,55.7333970,0.0
          37.8054420,55.7333970,0.0
          37.8054520,55.7333990,0.0
          37.8054470,55.7334010,0.0
          37.8054600,55.7333950,0.0
          37.8054680,55.7333890,0.0
          37.8054660,55.7333900,0.0
          37.8054580,55.7333930,0.0
          37.8054680,55.7333830,0.0
          37.8054750,55.7333670,0.0
          37.8054770,55.7333570,0.0
          37.8054770,55.7333600,0.0
          37.8054780,55.7333570,0.0
          37.8054840,55.7333630,0.0
          37.8054940,55.7333650,0.0
          37.8054900,55.7333700,0.0
          37.8054860,55.7333680,0.0
          37.8054850,55.7333660,0.0
          37.8054840,55.7333700,0.0
          37.8054810,55.7333720,0.0
          37.8054890,55.7333700,0.0
          37.8054900,55.7333720,0.0
          37.8054900,55.7333740,0.0
          37.8054960,55.7333750,0.0
          37.8054940,55.7333820,0.0
          37.8054930,55.7333690,0.0
          37.8054870,55.7333710,0.0
          37.8054880,55.7333780,0.0
          37.8054630,55.7333880,0.0
          37.8054720,55.7333850,0.0
          37.8054760,55.7333880,0.0
          37.8054640,55.7333930,0.0
          37.8054600,55.7333970,0.0
          37.8054590,55.7334000,0.0
          37.8054610,55.7334010,0.0
          37.8054270,55.7334160,0.0
          37.8054040,55.7334360,0.0
          37.8053940,55.7334380,0.0
          37.8053970,55.7334300,0.0
          37.8054130,55.7334300,0.0
          37.8054040,55.7334310,0.0
          37.8053980,55.7334270,0.0
          37.8053990,55.7334240,0.0
          37.8054110,55.7334110,0.0
          37.8054130,55.7334100,0.0
          37.8054090,55.7334160,0.0
          37.8054010,55.7334240,0.0
          37.8054030,55.7334190,0.0
          37.8054120,55.7334140,0.0
          37.8054000,55.7334250,0.0
          37.8053750,55.7334370,0.0
          37.8053640,55.7334420,0.0
          37.8053500,55.7334500,0.0
          37.8053550,55.7334480,0.0
          37.8053570,55.7334480,0.0
          37.8053600,55.7334490,0.0
          37.8053630,55.7334480,0.0
          37.8053640,55.7334480,0.0
          37.8053690,55.7334460,0.0
          37.8053730,55.7334460,0.0
          37.8053780,55.7334420,0.0
          37.8053810,55.7334340,0.0
          37.8053830,55.7334320,0.0
          37.8053890,55.7334360,0.0
          37.8053800,55.7334360,0.0
          37.8053820,55.7334330,0.0
          37.8053850,55.7334330,0.0
          37.8053820,55.7334350,0.0
          37.8053830,55.7334320,0.0
          37.8053810,55.7334290,0.0
          37.8053770,55.7334280,0.0
          37.8053820,55.7334310,0.0
          37.8053790,55.7334340,0.0
          37.8053940,55.7334300,0.0
          37.8053980,55.7334230,0.0
          37.8054030,55.7334220,0.0
          37.8054060,55.7334220,0.0
          37.8053910,55.7334000,0.0
          37.8053920,55.7334030,0.0
          37.8053880,55.7334080,0.0
          37.8053890,55.7334070,0.0
          37.8054030,55.7334060,0.0
          37.8054030,55.7334080,0.0
          37.8054000,55.7334150,0.0
          37.8054040,55.7334140,0.0
          37.8054080,55.7334130,0.0
          37.8054150,55.7334100,0.0
          37.8054180,55.7334090,0.0
          37.8054190,55.7334090,0.0
          37.8054200,55.7334090,0.0
          37.8054140,55.7334110,0.0
          37.8054110,55.7334110,0.0
          37.8054080,55.7334130,0.0
          37.8054080,55.7334140,0.0
          37.8054060,55.7334160,0.0
          37.8054050,55.7334170,0.0
          37.8054060,55.7334160,0.0
          37.8054060,55.7334170,0.0
          37.8054090,55.7334150,0.0
          37.8054110,55.7334140,0.0
          37.8054150,55.7334120,0.0
          37.8054160,55.7334120,0.0
          37.8054160,55.7334150,0.0
          37.8054260,55.7334140,0.0
          37.8054290,55.7334170,0.0
          37.8054250,55.7334210,0.0
          37.8054210,55.7334290,0.0
          37.8054280,55.7334290,0.0
          37.8054300,55.7334280,0.0
          37.8054360,55.7334250,0.0
          37.8054430,55.7334230,0.0
          37.8054620,55.7334170,0.0
          37.8054640,55.7334180,0.0
          37.8054630,55.7334150,0.0
          37.8054630,55.7334170,0.0
          37.8054580,55.7334220,0.0
          37.8054710,55.7334220,0.0
          37.8054780,55.7334200,0.0
          37.8054710,55.7334230,0.0
          37.8054700,55.7334220,0.0
          37.8054730,55.7334130,0.0
          37.8054710,55.7334190,0.0
          37.8054710,55.7334200,0.0
          37.8054720,55.7334210,0.0
          37.8054990,55.7333970,0.0
          37.8054950,55.7333960,0.0
          37.8054700,55.7333860,0.0
          37.8054660,55.7333810,0.0
          37.8054640,55.7333800,0.0
          37.8055020,55.7333690,0.0
          37.8054980,55.7333740,0.0
          37.8055060,55.7333740,0.0
          37.8054980,55.7333810,0.0
          37.8054980,55.7333800,0.0
          37.8054950,55.7333790,0.0
          37.8054840,55.7333800,0.0
          37.8054820,55.7333830,0.0
          37.8054880,55.7333870,0.0
          37.8054920,55.7333900,0.0
          37.8054930,55.7333890,0.0
          37.8054940,55.7333790,0.0
          37.8054850,55.7333820,0.0
          37.8054730,55.7333850,0.0
          37.8054600,55.7333860,0.0
          37.8054560,55.7333860,0.0
          37.8054610,55.7333840,0.0
          37.8054590,55.7333850,0.0
          37.8054600,55.7333850,0.0
          37.8054550,55.7333900,0.0
          37.8054500,55.7333930,0.0
          37.8054500,55.7333960,0.0
          37.8054480,55.7333980,0.0
          37.8054470,55.7334000,0.0
          37.8054520,55.7334000,0.0
          37.8054550,55.7334020,0.0
          37.8054580,55.7334000,0.0
          37.8054640,55.7334010,0.0
          37.8054690,55.7334000,0.0
          37.8054770,55.7333980,0.0
          37.8054900,55.7333930,0.0
          37.8054920,55.7333910,0.0
          37.8054970,55.7333900,0.0
          37.8054930,55.7333900,0.0
          37.8054920,55.7333900,0.0
          37.8054860,55.7333930,0.0
          37.8054870,55.7333930,0.0
          37.8054900,55.7333940,0.0
          37.8055000,55.7333930,0.0
          37.8054990,55.7333940,0.0
          37.8054980,55.7333920,0.0
          37.8055000,55.7333940,0.0
          37.8054990,55.7333910,0.0
          37.8054970,55.7333940,0.0
          37.8054930,55.7334000,0.0
          37.8054900,55.7334080,0.0
          37.8054870,55.7334110,0.0
          37.8054620,55.7334150,0.0
          37.8054610,55.7334130,0.0
          37.8054670,55.7334120,0.0
          37.8054590,55.7334150,0.0
          37.8054540,55.7334190,0.0
          37.8054620,55.7334160,0.0
          37.8054690,55.7334120,0.0
          37.8054680,55.7334150,0.0
          37.8054670,55.7334140,0.0
          37.8054680,55.7334140,0.0
          37.8054630,55.7334200,0.0
          37.8054380,55.7334320,0.0
          37.8054330,55.7334330,0.0
          37.8054290,55.7334220,0.0
          37.8054350,55.7334260,0.0
          37.8054370,55.7334230,0.0
          37.8054420,55.7334210,0.0
          37.8054410,55.7334220,0.0
          37.8054410,55.7334200,0.0
          37.8054400,55.7334220,0.0
          37.8054410,55.7334240,0.0
          37.8054420,55.7334250,0.0
          37.8054420,55.7334230,0.0
          37.8054460,55.7334250,0.0
          37.8054480,55.7334250,0.0
          37.8054530,55.7334230,0.0
          37.8054540,55.7334320,0.0
          37.8054520,55.7334360,0.0
          37.8054520,55.7334340,0.0
          37.8054530,55.7334330,0.0
          37.8054560,55.7334220,0.0
          37.8054570,55.7334250,0.0
          37.8054560,55.7334230,0.0
          37.8054540,55.7334230,0.0
          37.8054550,55.7334250,0.0
          37.8054500,55.7334280,0.0
          37.8054470,55.7334300,0.0
          37.8054360,55.7334380,0.0
          37.8054280,55.7334380,0.0
          37.8054200,55.7334430,0.0
          37.8054180,55.7334450,0.0
          37.8054070,55.7334470,0.0
          37.8054050,55.7334480,0.0
          37.8053990,55.7334500,0.0
          37.8053980,55.7334530,0.0
          37.8054020,55.7334450,0.0
          37.8054060,55.7334440,0.0
          37.8054110,55.7334460,0.0
          37.8054250,55.7334420,0.0
          37.8054270,55.7334360,0.0
          37.8054260,55.7334360,0.0
          37.8054300,55.7334330,0.0
          37.8054330,55.7334310,0.0
          37.8054380,55.7334300,0.0
          37.8054390,55.7334310,0.0
          37.8054420,55.7334310,0.0
          37.8054440,55.7334290,0.0
          37.8054490,55.7334260,0.0
          37.8054610,55.7334240,0.0
          37.8054610,55.7334150,0.0
          37.8054650,55.7334180,0.0
          37.8054600,55.7334170,0.0
          37.8054640,55.7334150,0.0
          37.8054690,55.7334230,0.0
          37.8054610,55.7334280,0.0
          37.8054560,55.7334300,0.0
          37.8054560,55.7334320,0.0
          37.8054550,55.7334330,0.0
          37.8054490,55.7334340,0.0
          37.8054480,55.7334340,0.0
          37.8054510,55.7334330,0.0
          37.8054520,55.7334380,0.0
          37.8054510,55.7334350,0.0
          37.8054440,55.7334380,0.0
          37.8054490,55.7334420,0.0
          37.8054500,55.7334450,0.0
          37.8054490,55.7334450,0.0
          37.8054460,55.7334430,0.0
          37.8054480,55.7334370,0.0
          37.8054500,55.7334340,0.0
          37.8054560,55.7334320,0.0
          37.8054550,55.7334300,0.0
          37.8054610,55.7334310,0.0
          37.8054630,55.7334350,0.0
          37.8054620,55.7334370,0.0
          37.8054630,55.7334370,0.0
          37.8054690,55.7334330,0.0
          37.8054740,55.7334340,0.0
          37.8054860,55.7334340,0.0
          37.8054810,55.7334300,0.0
          37.8054990,55.7334220,0.0
          37.8054960,55.7334120,0.0
          37.8054960,55.7334140,0.0
          37.8054930,55.7334190,0.0
          37.8054920,55.7334170,0.0
          37.8054910,55.7334190,0.0
          37.8054910,55.7334200,0.0
          37.8054920,55.7334180,0.0
          37.8054860,55.7334180,0.0
          37.8054890,55.7334190,0.0
          37.8054860,55.7334200,0.0
          37.8054820,55.7334220,0.0
          37.8054690,55.7334260,0.0
          37.8054610,55.7334300,0.0
          37.8054590,55.7334320,0.0
          37.8054510,55.7334310,0.0
          37.8054480,55.7334290,0.0
          37.8054420,55.7334300,0.0
          37.8054370,55.7334330,0.0
          37.8054320,55.7334360,0.0
          37.8054250,55.7334410,0.0
          37.8054170,55.7334540,0.0
          37.8054040,55.7334640,0.0
          37.8053990,55.7334650,0.0
          37.8054020,55.7334620,0.0
          37.8054050,55.7334610,0.0
          37.8054070,55.7334560,0.0
          37.8054020,55.7334520,0.0
          37.8054030,55.7334520,0.0
          37.8054030,55.7334530,0.0
          37.8054130,55.7334490,0.0
          37.8054130,55.7334510,0.0
          37.8054170,55.7334470,0.0
          37.8054270,55.7334400,0.0
          37.8054400,55.7334380,0.0
          37.8054590,55.7334320,0.0
          37.8054740,55.7334270,0.0
          37.8054820,55.7334190,0.0
          37.8054840,55.7334150,0.0
          37.8054990,55.7334100,0.0
          37.8055100,55.7333960,0.0
          37.8055120,55.7333910,0.0
          37.8055120,55.7333890,0.0
          37.8055110,55.7333800,0.0
          37.8055140,55.7333720,0.0
          37.8055180,55.7333740,0.0
          37.8055220,55.7333780,0.0
          37.8055160,55.7333800,0.0
          37.8055130,55.7333870,0.0
          37.8055070,55.7333880,0.0
          37.8055020,55.7333920,0.0
          37.8054980,55.7333940,0.0
          37.8054980,55.7333950,0.0
          37.8055000,55.7333940,0.0
          37.8054950,55.7334000,0.0
          37.8054900,55.7334050,0.0
          37.8054850,55.7334050,0.0
          37.8054870,55.7334020,0.0
          37.8054950,55.7334020,0.0
          37.8054920,55.7334060,0.0
          37.8054710,55.7334120,0.0
          37.8054670,55.7334090,0.0
          37.8054620,55.7334010,0.0
          37.8054540,55.7333970,0.0
          37.8054300,55.7334000,0.0
          37.8053960,55.7334030,0.0
          37.8053750,55.7334010,0.0
          37.8053540,55.7333950,0.0
          37.8053400,55.7333910,0.0
          37.8053090,55.7333890,0.0
          37.8052980,55.7333730,0.0
          37.8052800,55.7333630,0.0
          37.8052730,55.7333620,0.0
          37.8052690,55.7333510,0.0
          37.8052660,55.7333330,0.0
          37.8052750,55.7333200,0.0
          37.8052670,55.7333090,0.0
          37.8052690,55.7332970,0.0
          37.8052530,55.7332700,0.0
          37.8052400,55.7332540,0.0
          37.8052350,55.7332350,0.0
          37.8052200,55.7332110,0.0
          37.8051980,55.7331870,0.0
          37.8051720,55.7331620,0.0
          37.8051340,55.7331450,0.0
          37.8050780,55.7331260,0.0
          37.8050380,55.7331140,0.0
          37.8050180,55.7330830,0.0
          37.8049980,55.7330540,0.0
          37.8049790,55.7330220,0.0
          37.8049590,55.7329930,0.0
          37.8049450,55.7329600,0.0
          37.8049110,55.7329300,0.0
          37.8048970,55.7329050,0.0
          37.8048820,55.7328820,0.0
          37.8048670,55.7328560,0.0
          37.8048520,55.7328310,0.0
          37.8048650,55.7328060,0.0
          37.8048500,55.7327690,0.0
          37.8048360,55.7327390,0.0
          37.8048300,55.7327030,0.0
          37.8048030,55.7326960,0.0
          37.8047860,55.7326530,0.0
          37.8047420,55.7326340,0.0
          37.8047290,55.7326030,0.0
          37.8046490,55.7325660,0.0
          37.8046500,55.7325300,0.0
          37.8046430,55.7324820,0.0
          37.8046200,55.7324460,0.0
          37.8045910,55.7324150,0.0
          37.8045670,55.7323770,0.0
          37.8045510,55.7323320,0.0
          37.8045150,55.7322930,0.0
          37.8044750,55.7322580,0.0
          37.8044250,55.7322380,0.0
          37.8042810,55.7322510,0.0
          37.8042190,55.7322410,0.0
          37.8041690,55.7322320,0.0
          37.8041760,55.7321520,0.0
          37.8041330,55.7321110,0.0
          37.8040920,55.7320760,0.0
          37.8040940,55.7320160,0.0
          37.8040980,55.7319450,0.0
          37.8040600,55.7319060,0.0
          37.8040300,55.7318490,0.0
          37.8039840,55.7318120,0.0
          37.8039480,55.7317750,0.0
          37.8038860,55.7317420,0.0
          37.8038470,55.7317090,0.0
          37.8038150,55.7316710,0.0
          37.8037820,55.7316290,0.0
          37.8036970,55.7316140,0.0
          37.8036880,55.7315560,0.0
          37.8036420,55.7315210,0.0
          37.8035930,55.7314930,0.0
          37.8035540,55.7314570,0.0
          37.8035270,55.7314100,0.0
          37.8034890,55.7313700,0.0
          37.8034520,55.7313310,0.0
          37.8034130,55.7312940,0.0
          37.8033700,55.7312640,0.0
          37.8033520,55.7312340,0.0
          37.8033180,55.7311940,0.0
          37.8032820,55.7311550,0.0
          37.8032380,55.7311400,0.0
          37.8032150,55.7311110,0.0
          37.8031820,55.7310840,0.0
          37.8031460,55.7310520,0.0
          37.8031080,55.7310140,0.0
          37.8030720,55.7309860,0.0
          37.8030590,55.7309600,0.0
          37.8030450,55.7309360,0.0
          37.8030300,55.7309230,0.0
          37.8030090,55.7309070,0.0
          37.8029820,55.7308830,0.0
          37.8029630,55.7308570,0.0
          37.8029470,55.7308330,0.0
          37.8029150,55.7308070,0.0
          37.8028820,55.7307770,0.0
          37.8028370,55.7307520,0.0
          37.8027960,55.7307290,0.0
          37.8027650,55.7307130,0.0
          37.8027480,55.7306950,0.0
          37.8027160,55.7306840,0.0
          37.8026890,55.7306740,0.0
          37.8026680,55.7306610,0.0
          37.8026310,55.7306430,0.0
          37.8025850,55.7306320,0.0
          37.8025260,55.7306180,0.0
          37.8025100,55.7305870,0.0
          37.8024710,55.7305630,0.0
          37.8024620,55.7305370,0.0
          37.8024650,55.7304910,0.0
          37.8024520,55.7304500,0.0
          37.8024660,55.7304120,0.0
          37.8024950,55.7303820,0.0
          37.8025080,55.7303580,0.0
          37.8025270,55.7303500,0.0
          37.8025490,55.7303470,0.0
          37.8025620,55.7303420,0.0
          37.8025750,55.7303240,0.0
          37.8025930,55.7303090,0.0
          37.8026100,55.7302930,0.0
          37.8026160,55.7302780,0.0
          37.8025910,55.7302570,0.0
          37.8025590,55.7302350,0.0
          37.8025740,55.7301860,0.0
          37.8025610,55.7301560,0.0
          37.8025540,55.7301280,0.0
          37.8025320,55.7301030,0.0
          37.8025180,55.7300730,0.0
          37.8024880,55.7300600,0.0
          37.8024880,55.7300310,0.0
          37.8025140,55.7300010,0.0
          37.8025330,55.7299950,0.0
          37.8025730,55.7299850,0.0
          37.8025970,55.7299860,0.0
          37.8026230,55.7299750,0.0
          37.8026620,55.7299750,0.0
          37.8027030,55.7299740,0.0
          37.8027580,55.7299870,0.0
          37.8028010,55.7300240,0.0
          37.8028280,55.7300470,0.0
          37.8028550,55.7300820,0.0
          37.8028760,55.7300980,0.0
          37.8028870,55.7301230,0.0
          37.8029070,55.7301480,0.0
          37.8029390,55.7301600,0.0
          37.8029790,55.7301900,0.0
          37.8030080,55.7302090,0.0
          37.8030440,55.7302270,0.0
          37.8030640,55.7302430,0.0
          37.8030900,55.7302650,0.0
          37.8031300,55.7302820,0.0
          37.8032320,55.7302550,0.0
          37.8032530,55.7302370,0.0
          37.8033240,55.7302230,0.0
          37.8033630,55.7302070,0.0
          37.8034170,55.7302170,0.0
          37.8034980,55.7302340,0.0
          37.8035420,55.7302340,0.0
          37.8036000,55.7302000,0.0
          37.8036370,55.7301810,0.0
          37.8037170,55.7301860,0.0
          37.8037820,55.7301900,0.0
          37.8038500,55.7301860,0.0
          37.8038890,55.7301820,0.0
          37.8039320,55.7301800,0.0
          37.8039640,55.7301700,0.0
          37.8040080,55.7301680,0.0
          37.8040680,55.7301830,0.0
          37.8041230,55.7301550,0.0
          37.8042200,55.7301300,0.0
          37.8042840,55.7300990,0.0
          37.8043360,55.7300590,0.0
          37.8043890,55.7300240,0.0
          37.8044590,55.7300030,0.0
          37.8045210,55.7299600,0.0
          37.8046160,55.7299140,0.0
          37.8046730,55.7298910,0.0
          37.8047180,55.7298600,0.0
          37.8047750,55.7298300,0.0
          37.8048120,55.7297900,0.0
          37.8048700,55.7297650,0.0
          37.8049540,55.7297520,0.0
          37.8050120,55.7297360,0.0
          37.8050580,55.7297230,0.0
          37.8051560,55.7296900,0.0
          37.8052220,55.7296780,0.0
          37.8052590,55.7296570,0.0
          37.8053290,55.7296340,0.0
          37.8053720,55.7296240,0.0
          37.8054370,55.7296020,0.0
          37.8054810,55.7295920,0.0
          37.8054970,55.7295620,0.0
          37.8055440,55.7295380,0.0
          37.8056000,55.7295140,0.0
          37.8056490,55.7294890,0.0
          37.8057140,55.7294630,0.0
          37.8057500,55.7294470,0.0
          37.8057860,55.7294280,0.0
          37.8058340,55.7293970,0.0
          37.8058570,55.7293920,0.0
          37.8058610,55.7293840,0.0
          37.8058860,55.7293720,0.0
          37.8058990,55.7293440,0.0
          37.8059440,55.7293250,0.0
          37.8060060,55.7293120,0.0
          37.8060530,55.7293210,0.0
          37.8060860,55.7293090,0.0
          37.8061140,55.7292980,0.0
          37.8061790,55.7293180,0.0
          37.8062260,55.7293520,0.0
          37.8062450,55.7293480,0.0
          37.8062660,55.7293520,0.0
          37.8063000,55.7293400,0.0
          37.8063150,55.7293340,0.0
          37.8063240,55.7293330,0.0
          37.8063470,55.7293310,0.0
          37.8063630,55.7293130,0.0
          37.8064040,55.7293030,0.0
          37.8064260,55.7292950,0.0
          37.8064400,55.7292960,0.0
          37.8064530,55.7292900,0.0
          37.8064620,55.7292850,0.0
          37.8064800,55.7292930,0.0
          37.8065170,55.7292440,0.0
          37.8065200,55.7292530,0.0
          37.8065390,55.7292490,0.0
          37.8065630,55.7292400,0.0
          37.8065950,55.7292230,0.0
          37.8066170,55.7292140,0.0
          37.8066420,55.7291900,0.0
          37.8066830,55.7291690,0.0
          37.8067400,55.7291400,0.0
          37.8067630,55.7291440,0.0
          37.8068260,55.7291190,0.0
          37.8068780,55.7291160,0.0
          37.8069280,55.7291050,0.0
          37.8069860,55.7290960,0.0
          37.8070400,55.7290770,0.0
          37.8071210,55.7290630,0.0
          37.8071870,55.7290470,0.0
          37.8072500,55.7290230,0.0
          37.8073110,55.7290040,0.0
          37.8073760,55.7289820,0.0
          37.8074530,55.7289640,0.0
          37.8075320,55.7289330,0.0
          37.8076250,55.7289250,0.0
          37.8076940,55.7288880,0.0
          37.8077810,55.7288640,0.0
          37.8078340,55.7288360,0.0
          37.8078990,55.7288140,0.0
          37.8079580,55.7287890,0.0
          37.8080320,55.7287650,0.0
          37.8080620,55.7287470,0.0
          37.8081080,55.7287260,0.0
          37.8081720,55.7286960,0.0
          37.8082340,55.7286710,0.0
          37.8082880,55.7286530,0.0
          37.8083590,55.7286370,0.0
          37.8084280,55.7285970,0.0
          37.8084820,55.7285770,0.0
          37.8085400,55.7285560,0.0
          37.8086150,55.7285360,0.0
          37.8086780,55.7285240,0.0
          37.8087560,55.7285250,0.0
          37.8088270,55.7285180,0.0
          37.8088850,55.7285010,0.0
          37.8089430,55.7284940,0.0
          37.8089990,55.7284820,0.0
          37.8090530,55.7284540,0.0
          37.8090940,55.7284160,0.0
          37.8091600,55.7283900,0.0
          37.8092220,55.7283610,0.0
          37.8092770,55.7283440,0.0
          37.8093410,55.7283250,0.0
          37.8093940,55.7282920,0.0
          37.8094500,55.7282680,0.0
          37.8095110,55.7282460,0.0
          37.8095760,55.7282190,0.0
          37.8096350,55.7281840,0.0
          37.8096760,55.7281680,0.0
          37.8097220,55.7281490,0.0
          37.8097830,55.7281400,0.0
          37.8098360,55.7281230,0.0
          37.8098980,55.7281170,0.0
          37.8099520,55.7280830,0.0
          37.8100160,55.7280600,0.0
          37.8100790,55.7280460,0.0
          37.8101500,55.7280030,0.0
          37.8101970,55.7279910,0.0
          37.8102360,55.7279780,0.0
          37.8102870,55.7279720,0.0
          37.8103620,55.7279480,0.0
          37.8104490,55.7279130,0.0
          37.8105190,55.7278870,0.0
          37.8105910,55.7278740,0.0
          37.8106650,55.7278530,0.0
          37.8107330,55.7278340,0.0
          37.8108120,55.7277950,0.0
          37.8108970,55.7277740,0.0
          37.8109720,55.7277290,0.0
          37.8110520,55.7277280,0.0
          37.8111580,55.7276690,0.0
          37.8112220,55.7276500,0.0
          37.8113090,55.7276270,0.0
          37.8113910,55.7275950,0.0
          37.8114720,55.7275640,0.0
          37.8115350,55.7275440,0.0
          37.8116090,55.7275130,0.0
          37.8116850,55.7274820,0.0
          37.8117530,55.7274550,0.0
          37.8118330,55.7274420,0.0
          37.8119070,55.7274180,0.0
          37.8119650,55.7273920,0.0
          37.8120840,55.7273550,0.0
          37.8121600,55.7273070,0.0
          37.8122060,55.7272960,0.0
          37.8122540,55.7272800,0.0
          37.8122960,55.7272560,0.0
          37.8123420,55.7272330,0.0
          37.8123980,55.7272120,0.0
          37.8124730,55.7271830,0.0
          37.8125350,55.7271650,0.0
          37.8126320,55.7271330,0.0
          37.8126930,55.7271160,0.0
          37.8127730,55.7271010,0.0
          37.8128370,55.7270780,0.0
          37.8128970,55.7270520,0.0
          37.8129420,55.7270310,0.0
          37.8129950,55.7270050,0.0
          37.8130640,55.7269810,0.0
          37.8131600,55.7269780,0.0
          37.8132620,55.7269630,0.0
          37.8133270,55.7269530,0.0
          37.8133900,55.7269220,0.0
          37.8134410,55.7268890,0.0
          37.8135090,55.7268410,0.0
          37.8135730,55.7268020,0.0
          37.8136180,55.7267640,0.0
          37.8136860,55.7267360,0.0
          37.8137530,55.7267150,0.0
          37.8138130,55.7266890,0.0
          37.8138740,55.7266640,0.0
          37.8139410,55.7266490,0.0
          37.8139930,55.7266260,0.0
          37.8140380,55.7266040,0.0
          37.8140870,55.7265750,0.0
          37.8141430,55.7265440,0.0
          37.8141990,55.7265220,0.0
          37.8142690,55.7265180,0.0
          37.8143300,55.7265060,0.0
          37.8143840,55.7264890,0.0
          37.8144410,55.7264480,0.0
          37.8145020,55.7264180,0.0
          37.8145660,55.7263780,0.0
          37.8146310,55.7263340,0.0
          37.8146830,55.7263090,0.0
          37.8147380,55.7262920,0.0
          37.8147960,55.7262620,0.0
          37.8148500,55.7262350,0.0
          37.8148970,55.7262010,0.0
          37.8149510,55.7261720,0.0
          37.8150020,55.7261500,0.0
          37.8150590,55.7261400,0.0
          37.8151100,55.7261240,0.0
          37.8151680,55.7260970,0.0
          37.8152310,55.7260710,0.0
          37.8152890,55.7260470,0.0
          37.8153360,55.7260190,0.0
          37.8154000,55.7259800,0.0
          37.8154500,55.7259580,0.0
          37.8154920,55.7259340,0.0
          37.8155510,55.7259100,0.0
          37.8155950,55.7258880,0.0
          37.8156290,55.7258640,0.0
          37.8156820,55.7258420,0.0
          37.8157560,55.7258050,0.0
          37.8158110,55.7257830,0.0
          37.8158760,55.7257570,0.0
          37.8159380,55.7257230,0.0
          37.8159880,55.7256940,0.0
          37.8160370,55.7256690,0.0
          37.8161030,55.7256230,0.0
          37.8161430,55.7255950,0.0
          37.8161760,55.7255720,0.0
          37.8162360,55.7255520,0.0
          37.8162860,55.7255380,0.0
          37.8163360,55.7255260,0.0
          37.8163840,55.7255230,0.0
          37.8164180,55.7254980,0.0
          37.8164540,55.7254730,0.0
          37.8164870,55.7254190,0.0
          37.8165260,55.7253900,0.0
          37.8165560,55.7253530,0.0
          37.8165830,55.7253510,0.0
          37.8166060,55.7253440,0.0
          37.8166620,55.7253560,0.0
          37.8167020,55.7253420,0.0
          37.8167190,55.7253370,0.0
          37.8167510,55.7253260,0.0
          37.8167820,55.7253300,0.0
          37.8168030,55.7253360,0.0
          37.8168280,55.7253270,0.0
          37.8168720,55.7253210,0.0
          37.8169010,55.7252990,0.0
          37.8169580,55.7252690,0.0
          37.8170030,55.7252460,0.0
          37.8170480,55.7252100,0.0
          37.8170870,55.7251790,0.0
          37.8171150,55.7251510,0.0
          37.8171430,55.7251270,0.0
          37.8171880,55.7251160,0.0
          37.8172400,55.7250980,0.0
          37.8172750,55.7250860,0.0
          37.8173100,55.7250590,0.0
          37.8173590,55.7250410,0.0
          37.8173940,55.7250260,0.0
          37.8174390,55.7250010,0.0
          37.8174840,55.7249870,0.0
          37.8175470,55.7249640,0.0
          37.8175790,55.7249380,0.0
          37.8176300,55.7248860,0.0
          37.8177050,55.7248530,0.0
          37.8177800,55.7248220,0.0
          37.8178850,55.7247560,0.0
          37.8180200,55.7246600,0.0
          37.8181120,55.7246220,0.0
          37.8182090,55.7245830,0.0
          37.8182920,55.7245330,0.0
          37.8184240,55.7244400,0.0
          37.8185360,55.7243820,0.0
          37.8186670,55.7243110,0.0
          37.8187530,55.7242730,0.0
          37.8188230,55.7242020,0.0
          37.8188890,55.7241550,0.0
          37.8190760,55.7241190,0.0
          37.8192010,55.7240600,0.0
          37.8193390,55.7240200,0.0
          37.8194190,55.7239490,0.0
          37.8195390,55.7239000,0.0
          37.8196450,55.7238280,0.0
          37.8197830,55.7237670,0.0
          37.8198730,55.7237340,0.0
          37.8199890,55.7236810,0.0
          37.8200860,55.7235970,0.0
          37.8201940,55.7235400,0.0
          37.8203040,55.7234930,0.0
          37.8204190,55.7234550,0.0
          37.8205210,55.7234050,0.0
          37.8206400,55.7233740,0.0
          37.8207530,55.7233340,0.0
          37.8208560,55.7232850,0.0
          37.8209730,55.7232350,0.0
          37.8210860,55.7231860,0.0
          37.8211970,55.7231320,0.0
          37.8213030,55.7230590,0.0
          37.8213850,55.7230050,0.0
          37.8214650,55.7229510,0.0
          37.8215760,55.7229060,0.0
          37.8216840,55.7228360,0.0
          37.8217840,55.7227610,0.0
          37.8218820,55.7226970,0.0
          37.8219780,55.7226630,0.0
          37.8220650,55.7226140,0.0
          37.8221680,55.7225540,0.0
          37.8222710,55.7225160,0.0
          37.8223620,55.7224680,0.0
          37.8224410,55.7224240,0.0
          37.8225570,55.7223470,0.0
          37.8226320,55.7223170,0.0
          37.8227120,55.7222720,0.0
          37.8227610,55.7222430,0.0
          37.8228010,55.7222190,0.0
          37.8228510,55.7221840,0.0
          37.8229180,55.7221580,0.0
          37.8229640,55.7221420,0.0
          37.8230170,55.7221170,0.0
          37.8230660,55.7220900,0.0
          37.8231070,55.7220580,0.0
          37.8231590,55.7220330,0.0
          37.8232060,55.7220140,0.0
          37.8232800,55.7219750,0.0
          37.8233460,55.7219580,0.0
          37.8234070,55.7219290,0.0
          37.8234650,55.7218940,0.0
          37.8235010,55.7218550,0.0
          37.8235420,55.7218160,0.0
          37.8235740,55.7217790,0.0
          37.8236040,55.7217510,0.0
          37.8236280,55.7217090,0.0
          37.8236520,55.7216420,0.0
          37.8236790,55.7216040,0.0
          37.8236770,55.7215760,0.0
          37.8237040,55.7215320,0.0
          37.8237230,55.7214820,0.0
          37.8237200,55.7214370,0.0
          37.8237220,55.7214030,0.0
          37.8237320,55.7213610,0.0
          37.8237000,55.7213180,0.0
          37.8236760,55.7212820,0.0
          37.8236340,55.7212490,0.0
          37.8235790,55.7212090,0.0
          37.8235330,55.7211650,0.0
          37.8235050,55.7211290,0.0
          37.8234630,55.7210930,0.0
          37.8234310,55.7210540,0.0
          37.8233880,55.7210100,0.0
          37.8233440,55.7209760,0.0
          37.8232970,55.7209340,0.0
          37.8232580,55.7208960,0.0
          37.8232480,55.7208480,0.0
          37.8232030,55.7208210,0.0
          37.8231830,55.7207790,0.0
          37.8231430,55.7207430,0.0
          37.8230990,55.7207070,0.0
          37.8230560,55.7206660,0.0
          37.8230200,55.7206290,0.0
          37.8229760,55.7206040,0.0
          37.8229170,55.7205820,0.0
          37.8228740,55.7205540,0.0
          37.8228340,55.7205310,0.0
          37.8227950,55.7205030,0.0
          37.8227700,55.7204690,0.0
          37.8227290,55.7204420,0.0
          37.8226850,55.7204050,0.0
          37.8226460,55.7203780,0.0
          37.8226080,55.7203550,0.0
          37.8225780,55.7203280,0.0
          37.8225490,55.7202880,0.0
          37.8225180,55.7202580,0.0
          37.8224870,55.7202270,0.0
          37.8224530,55.7201980,0.0
          37.8224300,55.7201710,0.0
          37.8223920,55.7201440,0.0
          37.8223750,55.7201310,0.0
          37.8223560,55.7201070,0.0
          37.8223290,55.7200960,0.0
          37.8223090,55.7200740,0.0
          37.8222760,55.7200540,0.0
          37.8222380,55.7200250,0.0
          37.8222020,55.7199870,0.0
          37.8221840,55.7199490,0.0
          37.8221660,55.7199150,0.0
          37.8221390,55.7198900,0.0
          37.8221100,55.7198650,0.0
          37.8220810,55.7198360,0.0
          37.8220520,55.7198020,0.0
          37.8220260,55.7197660,0.0
          37.8219960,55.7197400,0.0
          37.8219750,55.7196890,0.0
          37.8219440,55.7196510,0.0
          37.8219080,55.7196190,0.0
          37.8218680,55.7195850,0.0
          37.8218390,55.7195560,0.0
          37.8217960,55.7195100,0.0
          37.8217390,55.7194740,0.0
          37.8216950,55.7194490,0.0
          37.8216630,55.7194120,0.0
          37.8216200,55.7193800,0.0
          37.8215480,55.7193720,0.0
          37.8214990,55.7193530,0.0
          37.8214540,55.7193220,0.0
          37.8214120,55.7192920,0.0
          37.8213380,55.7192650,0.0
          37.8213260,55.7192150,0.0
          37.8213100,55.7191580,0.0
          37.8212940,55.7191120,0.0
          37.8212740,55.7190900,0.0
          37.8212940,55.7190260,0.0
          37.8212760,55.7189610,0.0
          37.8212510,55.7189360,0.0
          37.8212190,55.7189040,0.0
          37.8211790,55.7188930,0.0
          37.8211440,55.7188770,0.0
          37.8211390,55.7188580,0.0
          37.8211570,55.7188290,0.0
          37.8211440,55.7187940,0.0
          37.8211210,55.7187550,0.0
          37.8210930,55.7187130,0.0
          37.8210530,55.7186660,0.0
          37.8210160,55.7186290,0.0
          37.8209940,55.7185800,0.0
          37.8209500,55.7185380,0.0
          37.8209230,55.7184990,0.0
          37.8208890,55.7184580,0.0
          37.8208600,55.7184140,0.0
          37.8207990,55.7183640,0.0
          37.8207580,55.7183090,0.0
          37.8207170,55.7182660,0.0
          37.8206760,55.7182230,0.0
          37.8206470,55.7181810,0.0
          37.8206200,55.7181380,0.0
          37.8206010,55.7180830,0.0
          37.8205780,55.7180460,0.0
          37.8205580,55.7180020,0.0
          37.8205470,55.7179560,0.0
          37.8205150,55.7179280,0.0
          37.8205040,55.7178660,0.0
          37.8204830,55.7178280,0.0
          37.8204650,55.7177860,0.0
          37.8204490,55.7177460,0.0
          37.8204330,55.7177040,0.0
          37.8204210,55.7176420,0.0
          37.8203990,55.7175960,0.0
          37.8203960,55.7175400,0.0
          37.8204040,55.7174820,0.0
          37.8204000,55.7174370,0.0
          37.8203770,55.7173910,0.0
          37.8203540,55.7173380,0.0
          37.8203320,55.7172890,0.0
          37.8203220,55.7172420,0.0
          37.8203080,55.7171890,0.0
          37.8202750,55.7171380,0.0
          37.8202160,55.7170980,0.0
          37.8201640,55.7170560,0.0
          37.8201030,55.7170150,0.0
          37.8200710,55.7169690,0.0
          37.8200510,55.7169150,0.0
          37.8200340,55.7168740,0.0
          37.8200330,55.7168360,0.0
          37.8200430,55.7167960,0.0
          37.8200120,55.7167500,0.0
          37.8199760,55.7167090,0.0
          37.8199530,55.7166690,0.0
          37.8199840,55.7166130,0.0
          37.8199400,55.7165860,0.0
          37.8198890,55.7165640,0.0
          37.8198420,55.7165480,0.0
          37.8198100,55.7165140,0.0
          37.8197600,55.7164970,0.0
          37.8197260,55.7164830,0.0
          37.8196950,55.7164630,0.0
          37.8196680,55.7164380,0.0
          37.8196480,55.7164100,0.0
          37.8196440,55.7163710,0.0
          37.8196360,55.7163590,0.0
          37.8196320,55.7163500,0.0
          37.8196340,55.7163190,0.0
          37.8196130,55.7163090,0.0
          37.8196080,55.7162880,0.0
          37.8195960,55.7162750,0.0
          37.8195960,55.7162480,0.0
          37.8195830,55.7162300,0.0
          37.8195680,55.7162170,0.0
          37.8195320,55.7161910,0.0
          37.8194900,55.7161710,0.0
          37.8194600,55.7161460,0.0
          37.8194420,55.7161160,0.0
          37.8194090,55.7160810,0.0
          37.8193710,55.7160550,0.0
          37.8193400,55.7160290,0.0
          37.8193100,55.7160010,0.0
          37.8192840,55.7159690,0.0
          37.8192530,55.7159310,0.0
          37.8192430,55.7158940,0.0
          37.8192430,55.7158600,0.0
          37.8192220,55.7158470,0.0
          37.8192290,55.7157920,0.0
          37.8192520,55.7157740,0.0
          37.8192340,55.7157680,0.0
          37.8192220,55.7157640,0.0
          37.8192120,55.7157690,0.0
          37.8192080,55.7157670,0.0
          37.8192110,55.7157690,0.0
          37.8192110,55.7157700,0.0
          37.8192120,55.7157700,0.0
          37.8192210,55.7157600,0.0
          37.8192150,55.7157570,0.0
          37.8192030,55.7157580,0.0
          37.8192010,55.7157600,0.0
          37.8192040,55.7157630,0.0
          37.8191930,55.7157660,0.0
          37.8191860,55.7157710,0.0
          37.8191870,55.7157720,0.0
          37.8191810,55.7157680,0.0
          37.8191800,55.7157640,0.0
          37.8191900,55.7157660,0.0
          37.8191840,55.7157650,0.0
          37.8191800,55.7157640,0.0
          37.8191850,55.7157680,0.0
          37.8191780,55.7157670,0.0
          37.8191800,55.7157670,0.0
          37.8191930,55.7157800,0.0
          37.8191900,55.7157870,0.0
          37.8191800,55.7157820,0.0
          37.8191690,55.7157690,0.0
          37.8191660,55.7157660,0.0
          37.8191700,55.7157720,0.0
          37.8191860,55.7157740,0.0
          37.8191810,55.7157730,0.0
          37.8191780,55.7157780,0.0
          37.8191680,55.7157880,0.0
          37.8191490,55.7157980,0.0
          37.8191380,55.7158160,0.0
          37.8191100,55.7158060,0.0
          37.8190900,55.7158020,0.0
          37.8190830,55.7157930,0.0
          37.8191000,55.7157990,0.0
          37.8190890,55.7157900,0.0
          37.8190940,55.7157810,0.0
          37.8190940,55.7157860,0.0
          37.8190850,55.7157940,0.0
          37.8190720,55.7157960,0.0
          37.8190760,55.7157970,0.0
          37.8190840,55.7158000,0.0
          37.8190820,55.7157990,0.0
          37.8190880,55.7157960,0.0
          37.8190860,55.7158000,0.0
          37.8190860,55.7158020,0.0
          37.8190930,55.7158030,0.0
          37.8190940,55.7158070,0.0
          37.8190980,55.7158060,0.0
          37.8191010,55.7158060,0.0
          37.8191100,55.7158020,0.0
          37.8191160,55.7158020,0.0
          37.8191180,55.7158020,0.0
          37.8191200,55.7157960,0.0
          37.8191070,55.7158020,0.0
          37.8191040,55.7158020,0.0
          37.8191030,55.7158020,0.0
          37.8191120,55.7158000,0.0
          37.8191220,55.7157950,0.0
          37.8191280,55.7157900,0.0
          37.8191320,55.7157900,0.0
          37.8191350,55.7157910,0.0
          37.8191380,55.7157920,0.0
          37.8191370,55.7157950,0.0
          37.8191310,55.7157950,0.0
          37.8191310,55.7157920,0.0
          37.8191310,55.7157960,0.0
          37.8191330,55.7157980,0.0
          37.8191360,55.7157960,0.0
          37.8191350,55.7157980,0.0
          37.8191380,55.7158000,0.0
          37.8191370,55.7157990,0.0
          37.8191430,55.7158000,0.0
          37.8191410,55.7158010,0.0
          37.8191490,55.7158030,0.0
          37.8191500,55.7158010,0.0
          37.8191540,55.7157970,0.0
          37.8191560,55.7157970,0.0
          37.8191560,55.7157960,0.0
          37.8191620,55.7158000,0.0
          37.8191510,55.7157980,0.0
          37.8191420,55.7158040,0.0
          37.8191400,55.7158000,0.0
          37.8191420,55.7157880,0.0
          37.8191360,55.7157820,0.0
          37.8191390,55.7157840,0.0
          37.8191370,55.7157930,0.0
          37.8191390,55.7157940,0.0
          37.8191350,55.7158010,0.0
          37.8191480,55.7157930,0.0
          37.8191540,55.7157900,0.0
          37.8191260,55.7157860,0.0
          37.8191480,55.7157900,0.0
          37.8191440,55.7157890,0.0
          37.8191500,55.7157890,0.0
          37.8191570,55.7157880,0.0
          37.8191500,55.7157890,0.0
          37.8191540,55.7157840,0.0
          37.8191490,55.7157820,0.0
          37.8191620,55.7157830,0.0
          37.8191600,55.7157860,0.0
          37.8191520,55.7157880,0.0
          37.8191540,55.7157960,0.0
          37.8191560,55.7157950,0.0
          37.8191360,55.7157990,0.0
          37.8191240,55.7158020,0.0
          37.8191100,55.7158040,0.0
          37.8191070,55.7158120,0.0
          37.8190810,55.7158150,0.0
          37.8190700,55.7158190,0.0
          37.8190560,55.7158240,0.0
          37.8190540,55.7158200,0.0
          37.8190450,55.7158210,0.0
          37.8190360,55.7158220,0.0
          37.8190000,55.7158220,0.0
          37.8189900,55.7158130,0.0
          37.8189690,55.7158060,0.0
          37.8189510,55.7157960,0.0
          37.8189340,55.7157910,0.0
          37.8189180,55.7157830,0.0
          37.8189090,55.7157700,0.0
          37.8189180,55.7157600,0.0
          37.8189140,55.7157580,0.0
          37.8189080,55.7157520,0.0
          37.8189030,55.7157460,0.0
          37.8192300,55.7162420,0.0
          37.8179160,55.7118410,0.0
          37.8185940,55.7153300,0.0
          37.8185730,55.7152970,0.0
          37.8185750,55.7153220,0.0
          37.8185980,55.7153000,0.0
          37.8186260,55.7152950,0.0
          37.8186400,55.7152830,0.0
          37.8186460,55.7152800,0.0
          37.8186520,55.7152710,0.0
          37.8186710,55.7152650,0.0
          37.8186830,55.7152640,0.0
          37.8187010,55.7152570,0.0
          37.8187090,55.7152590,0.0
          37.8187080,55.7152560,0.0
          37.8186980,55.7152570,0.0
          37.8187120,55.7152510,0.0
          37.8187430,55.7152340,0.0
          37.8187840,55.7152370,0.0
          37.8188110,55.7152290,0.0
          37.8188360,55.7152120,0.0
          37.8188530,55.7151950,0.0
          37.8188770,55.7151760,0.0
          37.8189110,55.7151590,0.0
          37.8189560,55.7151460,0.0
          37.8190000,55.7151450,0.0
          37.8190500,55.7151330,0.0
          37.8190890,55.7151270,0.0
          37.8191360,55.7151110,0.0
          37.8191780,55.7151020,0.0
          37.8192250,55.7150830,0.0
          37.8192670,55.7150700,0.0
          37.8193220,55.7150530,0.0
          37.8193660,55.7150490,0.0
          37.8194160,55.7150370,0.0
          37.8194710,55.7150240,0.0
          37.8195260,55.7150050,0.0
          37.8195680,55.7149920,0.0
          37.8196150,55.7149560,0.0
          37.8196640,55.7149280,0.0
          37.8197090,55.7149130,0.0
          37.8197680,55.7149040,0.0
          37.8198150,55.7149000,0.0
          37.8198660,55.7148960,0.0
          37.8198970,55.7148710,0.0
          37.8199450,55.7148500,0.0
          37.8200060,55.7148260,0.0
          37.8200570,55.7148100,0.0
          37.8201130,55.7147940,0.0
          37.8201660,55.7147820,0.0
          37.8202170,55.7147610,0.0
          37.8202740,55.7147410,0.0
          37.8203200,55.7147180,0.0
          37.8203720,55.7146920,0.0
          37.8204020,55.7146670,0.0
          37.8204440,55.7146370,0.0
          37.8204950,55.7145980,0.0
          37.8205410,55.7145600,0.0
          37.8205780,55.7145200,0.0
          37.8206110,55.7144780,0.0
          37.8206300,55.7144440,0.0
          37.8206440,55.7144040,0.0
          37.8206610,55.7143620,0.0
          37.8206810,55.7143300,0.0
          37.8207100,55.7142960,0.0
          37.8207300,55.7142650,0.0
          37.8207410,55.7142380,0.0
          37.8207540,55.7142050,0.0
          37.8207660,55.7141680,0.0
          37.8207620,55.7141320,0.0
          37.8207550,55.7140950,0.0
          37.8207440,55.7140580,0.0
          37.8207390,55.7140210,0.0
          37.8207270,55.7139830,0.0
          37.8207150,55.7139510,0.0
          37.8207040,55.7139180,0.0
          37.8207020,55.7138890,0.0
          37.8207000,55.7138540,0.0
          37.8206930,55.7138220,0.0
          37.8206830,55.7137880,0.0
          37.8206760,55.7137550,0.0
          37.8206630,55.7137220,0.0
          37.8206500,55.7136890,0.0
          37.8206390,55.7136560,0.0
          37.8206330,55.7136280,0.0
          37.8206240,55.7135930,0.0
          37.8206070,55.7135640,0.0
          37.8205990,55.7135230,0.0
          37.8206100,55.7134840,0.0
          37.8206420,55.7134520,0.0
          37.8206820,55.7134240,0.0
          37.8207080,55.7133960,0.0
          37.8207130,55.7133610,0.0
          37.8207120,55.7133280,0.0
          37.8207080,55.7132880,0.0
          37.8207020,55.7132480,0.0
          37.8206910,55.7132110,0.0
          37.8206780,55.7131720,0.0
          37.8206660,55.7131350,0.0
          37.8206520,55.7130970,0.0
          37.8206280,55.7130540,0.0
          37.8206190,55.7130140,0.0
          37.8206050,55.7129650,0.0
          37.8205670,55.7129330,0.0
          37.8205180,55.7128980,0.0
          37.8204650,55.7128720,0.0
          37.8204070,55.7128470,0.0
          37.8203620,55.7128210,0.0
          37.8203470,55.7127810,0.0
          37.8203330,55.7127440,0.0
          37.8203160,55.7127020,0.0
          37.8202970,55.7126590,0.0
          37.8202910,55.7126180,0.0
          37.8202740,55.7125700,0.0
          37.8202460,55.7125310,0.0
          37.8202200,55.7124870,0.0
          37.8202000,55.7124450,0.0
          37.8201870,55.7123940,0.0
          37.8201790,55.7123540,0.0
          37.8201760,55.7123200,0.0
          37.8201660,55.7122720,0.0
          37.8201370,55.7122190,0.0
          37.8201160,55.7121790,0.0
          37.8200930,55.7121390,0.0
          37.8200660,55.7120820,0.0
          37.8200180,55.7120420,0.0
          37.8199960,55.7119870,0.0
          37.8199620,55.7119430,0.0
          37.8199670,55.7118800,0.0
          37.8199570,55.7118190,0.0
          37.8199390,55.7117790,0.0
          37.8199070,55.7117590,0.0
          37.8198980,55.7117420,0.0
          37.8198920,55.7117270,0.0
          37.8198840,55.7117190,0.0
          37.8198860,55.7117010,0.0
          37.8198850,55.7116940,0.0
          37.8198800,55.7116810,0.0
          37.8198790,55.7116680,0.0
          37.8198780,55.7116470,0.0
          37.8198860,55.7116380,0.0
          37.8198980,55.7116180,0.0
          37.8199160,55.7116010,0.0
          37.8199110,55.7115900,0.0
          37.8199000,55.7115820,0.0
          37.8198800,55.7115460,0.0
          37.8198420,55.7115310,0.0
          37.8197740,55.7115220,0.0
          37.8197770,55.7115170,0.0
          37.8197830,55.7115190,0.0
          37.8197960,55.7115240,0.0
          37.8198010,55.7115240,0.0
          37.8197960,55.7115250,0.0
          37.8198050,55.7115280,0.0
          37.8198060,55.7115270,0.0
          37.8198080,55.7115250,0.0
          37.8198180,55.7115090,0.0
          37.8198080,55.7115060,0.0
          37.8198010,55.7115030,0.0
          37.8197980,55.7114980,0.0
          37.8197940,55.7114940,0.0
          37.8198000,55.7114930,0.0
          37.8197980,55.7114910,0.0
          37.8197970,55.7114950,0.0
          37.8197970,55.7114930,0.0
          37.8197970,55.7114960,0.0
          37.8197980,55.7114970,0.0
          37.8197980,55.7114990,0.0
          37.8198000,55.7114920,0.0
          37.8197970,55.7114880,0.0
          37.8197890,55.7114670,0.0
          37.8197680,55.7114490,0.0
          37.8197490,55.7114180,0.0
          37.8197220,55.7113960,0.0
          37.8196830,55.7113800,0.0
          37.8196580,55.7113590,0.0
          37.8196310,55.7113230,0.0
          37.8196000,55.7112960,0.0
          37.8195910,55.7112780,0.0
          37.8195810,55.7112630,0.0
          37.8195680,55.7112460,0.0
          37.8195680,55.7112330,0.0
          37.8195680,55.7112220,0.0
          37.8195700,55.7112170,0.0
          37.8195790,55.7112080,0.0
          37.8195760,55.7111980,0.0
          37.8195640,55.7111950,0.0
          37.8195640,55.7111740,0.0
          37.8195780,55.7111370,0.0
          37.8196220,55.7111080,0.0
          37.8196770,55.7110860,0.0
          37.8197450,55.7110700,0.0
          37.8198250,55.7110570,0.0
          37.8199120,55.7110400,0.0
          37.8199660,55.7110170,0.0
          37.8200370,55.7109900,0.0
          37.8200960,55.7109740,0.0
          37.8201740,55.7109530,0.0
          37.8202420,55.7109380,0.0
          37.8203160,55.7109100,0.0
          37.8203910,55.7108870,0.0
          37.8204580,55.7108690,0.0
          37.8205230,55.7108560,0.0
          37.8205900,55.7108380,0.0
          37.8206440,55.7108260,0.0
          37.8206930,55.7108170,0.0
          37.8207550,55.7108000,0.0
          37.8208250,55.7107790,0.0
          37.8208880,55.7107550,0.0
          37.8209680,55.7107350,0.0
          37.8210410,55.7107240,0.0
          37.8211170,55.7107060,0.0
          37.8211950,55.7106880,0.0
          37.8212820,55.7106700,0.0
          37.8213930,55.7106500,0.0
          37.8214820,55.7106350,0.0
          37.8215880,55.7106110,0.0
          37.8216980,55.7105810,0.0
          37.8217970,55.7105580,0.0
          37.8218930,55.7105300,0.0
          37.8220100,55.7105040,0.0
          37.8220950,55.7104860,0.0
          37.8221890,55.7104490,0.0
          37.8222890,55.7104170,0.0
          37.8223880,55.7103900,0.0
          37.8224740,55.7103700,0.0
          37.8225680,55.7103470,0.0
          37.8226600,55.7103260,0.0
          37.8227640,55.7103060,0.0
          37.8228550,55.7102790,0.0
          37.8229640,55.7102460,0.0
          37.8230580,55.7102260,0.0
          37.8231360,55.7102010,0.0
          37.8232240,55.7101790,0.0
          37.8233230,55.7101570,0.0
          37.8234400,55.7101240,0.0
          37.8235430,55.7100990,0.0
          37.8236510,55.7100790,0.0
          37.8237740,55.7100420,0.0
          37.8238960,55.7099960,0.0
          37.8240010,55.7099760,0.0
          37.8240910,55.7099500,0.0
          37.8241980,55.7099210,0.0
          37.8242980,55.7099110,0.0
          37.8244010,55.7098960,0.0
          37.8245060,55.7098690,0.0
          37.8246080,55.7098460,0.0
          37.8246870,55.7098360,0.0
          37.8247970,55.7097970,0.0
          37.8249050,55.7097740,0.0
          37.8249930,55.7097590,0.0
          37.8250930,55.7097420,0.0
          37.8251790,55.7097350,0.0
          37.8252850,55.7097170,0.0
          37.8253920,55.7096980,0.0
          37.8254970,55.7096870,0.0
          37.8255980,55.7096770,0.0
          37.8257000,55.7096560,0.0
          37.8257910,55.7096360,0.0
          37.8258820,55.7096250,0.0
          37.8259790,55.7096090,0.0
          37.8260830,55.7095880,0.0
          37.8261820,55.7095590,0.0
          37.8262940,55.7095370,0.0
          37.8263960,55.7095120,0.0
          37.8264850,55.7094820,0.0
          37.8265790,55.7094560,0.0
          37.8266620,55.7094380,0.0
          37.8267530,55.7094210,0.0
          37.8268380,55.7093970,0.0
          37.8269370,55.7093730,0.0
          37.8270430,55.7093420,0.0
          37.8271430,55.7093190,0.0
          37.8272480,55.7092940,0.0
          37.8273490,55.7092680,0.0
          37.8274400,55.7092520,0.0
          37.8275330,55.7092320,0.0
          37.8276270,55.7092090,0.0
          37.8277280,55.7091890,0.0
          37.8278150,55.7091700,0.0
          37.8279120,55.7091520,0.0
          37.8280100,55.7091250,0.0
          37.8281020,55.7091070,0.0
          37.8281980,55.7090890,0.0
          37.8282870,55.7090720,0.0
          37.8283820,55.7090570,0.0
          37.8284720,55.7090410,0.0
          37.8285690,55.7090260,0.0
          37.8286580,55.7090110,0.0
          37.8287510,55.7089980,0.0
          37.8288420,55.7089790,0.0
          37.8289310,55.7089530,0.0
          37.8290280,55.7089320,0.0
          37.8291160,55.7089160,0.0
          37.8292020,55.7088950,0.0
          37.8292930,55.7088740,0.0
          37.8293690,55.7088520,0.0
          37.8294520,55.7087760,0.0
          37.8294970,55.7087370,0.0
          37.8295200,55.7086920,0.0
          37.8295420,55.7086460,0.0
          37.8295160,55.7085980,0.0
          37.8295200,55.7085590,0.0
          37.8295230,55.7085080,0.0
          37.8295140,55.7084590,0.0
          37.8295090,55.7083940,0.0
          37.8294770,55.7083470,0.0
          37.8294830,55.7082920,0.0
          37.8295090,55.7082090,0.0
          37.8294940,55.7081550,0.0
          37.8294610,55.7081130,0.0
          37.8294440,55.7080690,0.0
          37.8294150,55.7080200,0.0
          37.8294230,55.7079680,0.0
          37.8294120,55.7079040,0.0
          37.8294240,55.7078440,0.0
          37.8294250,55.7077880,0.0
          37.8294120,55.7077370,0.0
          37.8293780,55.7076930,0.0
          37.8293540,55.7076470,0.0
          37.8293440,55.7075960,0.0
          37.8293260,55.7075510,0.0
          37.8293070,55.7075130,0.0
          37.8293040,55.7074540,0.0
          37.8293050,55.7074110,0.0
          37.8293040,55.7073670,0.0
          37.8293070,55.7073130,0.0
          37.8293020,55.7072510,0.0
          37.8292890,55.7071970,0.0
          37.8292810,55.7071370,0.0
          37.8292730,55.7070790,0.0
          37.8292660,55.7070250,0.0
          37.8292580,55.7069550,0.0
          37.8292710,55.7068830,0.0
          37.8292700,55.7068250,0.0
          37.8292550,55.7067610,0.0
          37.8292330,55.7067100,0.0
          37.8292220,55.7066450,0.0
          37.8292030,55.7065970,0.0
          37.8292120,55.7065270,0.0
          37.8291900,55.7064720,0.0
          37.8291590,55.7064260,0.0
          37.8291520,55.7063610,0.0
          37.8291430,55.7063030,0.0
          37.8291280,55.7062340,0.0
          37.8290860,55.7061700,0.0
          37.8290500,55.7061160,0.0
          37.8290280,55.7060480,0.0
          37.8289550,55.7060070,0.0
          37.8288880,55.7059560,0.0
          37.8288510,55.7058990,0.0
          37.8288630,55.7058430,0.0
          37.8288640,55.7057860,0.0
          37.8288730,55.7057380,0.0
          37.8289200,55.7057060,0.0
          37.8289650,55.7056570,0.0
          37.8289840,55.7056020,0.0
          37.8289850,55.7055520,0.0
          37.8289960,55.7055020,0.0
          37.8290150,55.7054550,0.0
          37.8290010,55.7054150,0.0
          37.8289870,55.7053610,0.0
          37.8289780,55.7053090,0.0
          37.8289600,55.7052560,0.0
          37.8289500,55.7051920,0.0
          37.8289320,55.7051330,0.0
          37.8289010,55.7050720,0.0
          37.8288820,55.7050100,0.0
          37.8288560,55.7049450,0.0
          37.8288520,55.7048810,0.0
          37.8288900,55.7048310,0.0
          37.8289380,55.7048190,0.0
          37.8290180,55.7047850,0.0
          37.8290950,55.7047850,0.0
          37.8291780,55.7047870,0.0
          37.8292600,55.7047880,0.0
          37.8293400,55.7047960,0.0
          37.8294300,55.7047960,0.0
          37.8295120,55.7048050,0.0
          37.8295920,55.7048100,0.0
          37.8296870,55.7048260,0.0
          37.8297720,55.7048290,0.0
          37.8298580,55.7048340,0.0
          37.8299430,55.7048330,0.0
          37.8300340,55.7048340,0.0
          37.8301340,55.7048320,0.0
          37.8302210,55.7048390,0.0
          37.8303000,55.7048360,0.0
          37.8303930,55.7048340,0.0
          37.8304840,55.7048400,0.0
          37.8305740,55.7048470,0.0
          37.8306730,55.7048440,0.0
          37.8307660,55.7048440,0.0
          37.8308530,55.7048480,0.0
          37.8309310,55.7048490,0.0
          37.8310070,55.7048540,0.0
          37.8310670,55.7048450,0.0
          37.8311360,55.7048300,0.0
          37.8312120,55.7048200,0.0
          37.8313070,55.7048170,0.0
          37.8313790,55.7048130,0.0
          37.8314620,55.7047980,0.0
          37.8315340,55.7047900,0.0
          37.8316100,55.7047690,0.0
          37.8316900,55.7047430,0.0
          37.8317530,55.7047050,0.0
          37.8318150,55.7046670,0.0
          37.8318530,55.7046190,0.0
          37.8319000,55.7045820,0.0
          37.8319450,55.7045400,0.0
          37.8319910,55.7045100,0.0
          37.8320280,55.7044920,0.0
          37.8320840,55.7044520,0.0
          37.8321540,55.7044170,0.0
          37.8322350,55.7044020,0.0
          37.8323200,55.7043970,0.0
          37.8324130,55.7043930,0.0
          37.8324910,55.7044130,0.0
          37.8325620,55.7044480,0.0
          37.8326030,55.7044880,0.0
          37.8326440,55.7045260,0.0
          37.8326750,55.7045590,0.0
          37.8326660,55.7045850,0.0
          37.8326800,55.7046020,0.0
          37.8326920,55.7046360,0.0
          37.8327010,55.7046430,0.0
          37.8327400,55.7046720,0.0
          37.8327420,55.7047000,0.0
          37.8327350,55.7047150,0.0
          37.8327540,55.7047400,0.0
          37.8327770,55.7047600,0.0
          37.8327860,55.7047930,0.0
          37.8328160,55.7048290,0.0
          37.8328340,55.7048700,0.0
          37.8328400,55.7049030,0.0
          37.8328530,55.7049300,0.0
          37.8328390,55.7049400,0.0
          37.8328370,55.7049580,0.0
          37.8328510,55.7049130,0.0
          37.8328320,55.7048950,0.0
          37.8328130,55.7048570,0.0
          37.8328010,55.7048310,0.0
          37.8327900,55.7048000,0.0
          37.8327830,55.7047740,0.0
          37.8327680,55.7047480,0.0
          37.8327620,55.7047360,0.0
          37.8337890,55.7046410,0.0
          37.8338020,55.7046460,0.0
          37.8338290,55.7046740,0.0
          37.8338610,55.7046550,0.0
          37.8338350,55.7046550,0.0
          37.8338290,55.7046380,0.0
          37.8338360,55.7046070,0.0
          37.8338220,55.7045940,0.0
          37.8338040,55.7045540,0.0
          37.8337860,55.7045120,0.0
          37.8337800,55.7044910,0.0
          37.8337670,55.7044700,0.0
          37.8337660,55.7044380,0.0
          37.8337790,55.7044340,0.0
          37.8337640,55.7044090,0.0
          37.8337440,55.7043900,0.0
          37.8337130,55.7043640,0.0
          37.8336870,55.7043450,0.0
          37.8336460,55.7043080,0.0
          37.8336530,55.7042690,0.0
          37.8336900,55.7042310,0.0
          37.8337100,55.7042060,0.0
          37.8337560,55.7041680,0.0
          37.8338130,55.7041370,0.0
          37.8338800,55.7040930,0.0
          37.8339230,55.7040510,0.0
          37.8339240,55.7040120,0.0
          37.8339460,55.7039540,0.0
          37.8339900,55.7039060,0.0
          37.8340490,55.7038600,0.0
          37.8341080,55.7038190,0.0
          37.8341810,55.7037730,0.0
          37.8343040,55.7037600,0.0
          37.8344350,55.7037530,0.0
          37.8345480,55.7037570,0.0
          37.8346500,55.7037450,0.0
          37.8347480,55.7037370,0.0
          37.8348410,55.7037240,0.0
          37.8349380,55.7037160,0.0
          37.8350330,55.7037190,0.0
          37.8351140,55.7036990,0.0
          37.8351780,55.7036640,0.0
          37.8352250,55.7036250,0.0
          37.8352720,55.7035740,0.0
          37.8353040,55.7035590,0.0
          37.8353290,55.7035280,0.0
          37.8353490,55.7034830,0.0
          37.8353940,55.7034580,0.0
          37.8354260,55.7034300,0.0
          37.8354770,55.7033880,0.0
          37.8355200,55.7033640,0.0
          37.8355580,55.7033400,0.0
          37.8355580,55.7033190,0.0
          37.8355600,55.7032790,0.0
          37.8355640,55.7032510,0.0
          37.8355810,55.7032220,0.0
          37.8355970,55.7031680,0.0
          37.8356130,55.7031340,0.0
          37.8356520,55.7030860,0.0
          37.8357000,55.7030550,0.0
          37.8357560,55.7030310,0.0
          37.8358330,55.7030040,0.0
          37.8358970,55.7029800,0.0
          37.8359640,55.7029390,0.0
          37.8360240,55.7029090,0.0
          37.8360530,55.7028790,0.0
          37.8360980,55.7028380,0.0
          37.8361370,55.7027880,0.0
          37.8361830,55.7027400,0.0
          37.8362580,55.7027160,0.0
          37.8363310,55.7026940,0.0
          37.8364170,55.7026680,0.0
          37.8364940,55.7026370,0.0
          37.8365630,55.7025940,0.0
          37.8366360,55.7025670,0.0
          37.8366900,55.7025640,0.0
          37.8367560,55.7025620,0.0
          37.8368110,55.7025580,0.0
          37.8368580,55.7025330,0.0
          37.8369130,55.7025040,0.0
          37.8369640,55.7024860,0.0
          37.8369970,55.7024670,0.0
          37.8370160,55.7024460,0.0
          37.8370420,55.7024300,0.0
          37.8370630,55.7024150,0.0
          37.8370720,55.7024190,0.0
          37.8370830,55.7024220,0.0
          37.8370950,55.7024160,0.0
          37.8370960,55.7024110,0.0
          37.8371070,55.7024100,0.0
          37.8371230,55.7024140,0.0
          37.8371370,55.7024210,0.0
          37.8371390,55.7024180,0.0
          37.8371360,55.7024160,0.0
          37.8371350,55.7024150,0.0
          37.8371330,55.7024110,0.0
          37.8371430,55.7024120,0.0
          37.8371600,55.7024120,0.0
          37.8371780,55.7024120,0.0
          37.8372080,55.7024120,0.0
          37.8372280,55.7024090,0.0
          37.8372420,55.7024060,0.0
          37.8372530,55.7024050,0.0
          37.8372520,55.7024040,0.0
          37.8372610,55.7024010,0.0
          37.8372810,55.7023870,0.0
          37.8372970,55.7023670,0.0
          37.8373110,55.7023530,0.0
          37.8373340,55.7023360,0.0
          37.8373610,55.7023150,0.0
          37.8373900,55.7022960,0.0
          37.8374220,55.7022770,0.0
          37.8374470,55.7022580,0.0
          37.8374770,55.7022380,0.0
          37.8375110,55.7022180,0.0
          37.8375400,55.7022020,0.0
          37.8375800,55.7021810,0.0
          37.8376190,55.7021600,0.0
          37.8376550,55.7021390,0.0
          37.8376870,55.7021200,0.0
          37.8377220,55.7021020,0.0
          37.8377450,55.7020840,0.0
          37.8377720,55.7020630,0.0
          37.8377980,55.7020440,0.0
          37.8378290,55.7020270,0.0
          37.8378620,55.7020110,0.0
          37.8378850,55.7019870,0.0
          37.8379170,55.7019610,0.0
          37.8379540,55.7019350,0.0
          37.8379940,55.7019110,0.0
          37.8380400,55.7018890,0.0
          37.8380650,55.7018690,0.0
          37.8380900,55.7018540,0.0
          37.8381210,55.7018330,0.0
          37.8381560,55.7018080,0.0
          37.8382060,55.7017890,0.0
          37.8382560,55.7017690,0.0
          37.8383060,55.7017400,0.0
          37.8383670,55.7017160,0.0
          37.8384300,55.7016870,0.0
          37.8384850,55.7016620,0.0
          37.8385460,55.7016480,0.0
          37.8386090,55.7016290,0.0
          37.8386660,55.7016310,0.0
          37.8387170,55.7016230,0.0
          37.8387410,55.7016020,0.0
          37.8387430,55.7015800,0.0
          37.8387670,55.7015410,0.0
          37.8387690,55.7015170,0.0
          37.8387560,55.7014850,0.0
          37.8387330,55.7014550,0.0
          37.8387020,55.7014370,0.0
          37.8386600,55.7014060,0.0
          37.8386100,55.7013550,0.0
          37.8385750,55.7013330,0.0
          37.8385570,55.7013060,0.0
          37.8385390,55.7012760,0.0
          37.8385240,55.7012470,0.0
          37.8385150,55.7012260,0.0
          37.8384920,55.7011930,0.0
          37.8384710,55.7011560,0.0
          37.8384160,55.7011420,0.0
          37.8383790,55.7011000,0.0
          37.8383520,55.7010710,0.0
          37.8383180,55.7010340,0.0
          37.8382800,55.7009840,0.0
          37.8382450,55.7009480,0.0
          37.8382040,55.7009230,0.0
          37.8381700,55.7008830,0.0
          37.8381750,55.7008470,0.0
          37.8381370,55.7008040,0.0
          37.8381030,55.7007700,0.0
          37.8380760,55.7007220,0.0
          37.8380490,55.7006880,0.0
          37.8380560,55.7006590,0.0
          37.8381030,55.7006350,0.0
          37.8381410,55.7006100,0.0
          37.8381490,55.7005760,0.0
          37.8381260,55.7005460,0.0
          37.8381160,55.7005140,0.0
          37.8381020,55.7004760,0.0
          37.8380830,55.7004490,0.0
          37.8380620,55.7004250,0.0
          37.8379930,55.7003990,0.0
          37.8379640,55.7003600,0.0
          37.8379350,55.7003320,0.0
          37.8379020,55.7003020,0.0
          37.8378840,55.7002660,0.0
          37.8378620,55.7002300,0.0
          37.8378470,55.7001820,0.0
          37.8378110,55.7001420,0.0
          37.8377890,55.7000880,0.0
          37.8377560,55.7000350,0.0
          37.8377370,55.6999740,0.0
          37.8376960,55.6999270,0.0
          37.8376510,55.6998810,0.0
          37.8376100,55.6998480,0.0
          37.8375660,55.6998010,0.0
          37.8375290,55.6997500,0.0
          37.8375050,55.6996940,0.0
          37.8374800,55.6996410,0.0
          37.8374450,55.6996040,0.0
          37.8374130,55.6995590,0.0
          37.8374110,55.6995100,0.0
          37.8373970,55.6994400,0.0
          37.8373790,55.6993910,0.0
          37.8373840,55.6993430,0.0
          37.8373850,55.6992920,0.0
          37.8373920,55.6992460,0.0
          37.8373950,55.6991940,0.0
          37.8373870,55.6991460,0.0
          37.8373550,55.6991060,0.0
          37.8373390,55.6990700,0.0
          37.8373150,55.6990420,0.0
          37.8372830,55.6990160,0.0
          37.8372480,55.6989810,0.0
          37.8371940,55.6989460,0.0
          37.8371380,55.6989170,0.0
          37.8370900,55.6989000,0.0
          37.8370340,55.6988830,0.0
          37.8369910,55.6988590,0.0
          37.8369460,55.6988440,0.0
          37.8368960,55.6988320,0.0
          37.8368390,55.6988130,0.0
          37.8367920,55.6988130,0.0
          37.8367500,55.6987780,0.0
          37.8367220,55.6987400,0.0
          37.8366760,55.6987200,0.0
          37.8366300,55.6987020,0.0
          37.8365360,55.6986950,0.0
          37.8365060,55.6986700,0.0
          37.8364740,55.6986530,0.0
          37.8364210,55.6986240,0.0
          37.8363810,55.6986030,0.0
          37.8363320,55.6985850,0.0
          37.8362790,55.6985640,0.0
          37.8362320,55.6985450,0.0
          37.8361770,55.6985220,0.0
          37.8361270,55.6985010,0.0
          37.8360750,55.6984800,0.0
          37.8360240,55.6984610,0.0
          37.8359910,55.6984400,0.0
          37.8359550,55.6984150,0.0
          37.8359010,55.6983950,0.0
          37.8358640,55.6983720,0.0
          37.8358090,55.6983510,0.0
          37.8357640,55.6983260,0.0
          37.8357220,55.6983000,0.0
          37.8356700,55.6982660,0.0
          37.8356280,55.6982360,0.0
          37.8356100,55.6981760,0.0
          37.8355890,55.6981360,0.0
          37.8355570,55.6980880,0.0
          37.8355430,55.6980480,0.0
          37.8355250,55.6980160,0.0
          37.8355040,55.6979760,0.0
          37.8354860,55.6979370,0.0
          37.8354680,55.6979030,0.0
          37.8354560,55.6978680,0.0
          37.8354340,55.6978340,0.0
          37.8354430,55.6977920,0.0
          37.8354290,55.6977550,0.0
          37.8354130,55.6977150,0.0
          37.8354020,55.6976860,0.0
          37.8353830,55.6976440,0.0
          37.8353780,55.6976040,0.0
          37.8353660,55.6975720,0.0
          37.8353520,55.6975360,0.0
          37.8353250,55.6975140,0.0
          37.8353120,55.6974890,0.0
          37.8352940,55.6974620,0.0
          37.8352890,55.6974370,0.0
          37.8352870,55.6974050,0.0
          37.8352840,55.6973840,0.0
          37.8352800,55.6973660,0.0
          37.8352760,55.6973540,0.0
          37.8352670,55.6973320,0.0
          37.8352660,55.6973070,0.0
          37.8352550,55.6972820,0.0
          37.8352460,55.6972740,0.0
          37.8352530,55.6972590,0.0
          37.8352500,55.6972500,0.0
          37.8352360,55.6972300,0.0
          37.8352140,55.6972060,0.0
          37.8351860,55.6971900,0.0
          37.8351770,55.6971660,0.0
          37.8351720,55.6971360,0.0
          37.8351700,55.6971030,0.0
          37.8351420,55.6970790,0.0
          37.8351340,55.6970570,0.0
          37.8351450,55.6970370,0.0
          37.8351480,55.6970100,0.0
          37.8351440,55.6969970,0.0
          37.8351430,55.6969830,0.0
          37.8351290,55.6969790,0.0
          37.8351260,55.6969740,0.0
          37.8351210,55.6969740,0.0
          37.8351340,55.6969760,0.0
          37.8351410,55.6969730,0.0
          37.8351430,55.6969720,0.0
          37.8351470,55.6969710,0.0
          37.8351780,55.6969720,0.0
          37.8352060,55.6969730,0.0
          37.8352040,55.6969790,0.0
          37.8352000,55.6969990,0.0
          37.8351980,55.6970100,0.0
          37.8351940,55.6970490,0.0
          37.8351870,55.6970800,0.0
          37.8351800,55.6971100,0.0
          37.8351920,55.6971560,0.0
          37.8352210,55.6971720,0.0
          37.8352240,55.6972100,0.0
          37.8352370,55.6972500,0.0
          37.8352420,55.6972820,0.0
          37.8352640,55.6973200,0.0
          37.8352720,55.6973560,0.0
          37.8352790,55.6973940,0.0
          37.8352870,55.6974410,0.0
          37.8353000,55.6974810,0.0
          37.8352970,55.6975140,0.0
          37.8353020,55.6975500,0.0
          37.8353110,55.6975870,0.0
          37.8353180,55.6976220,0.0
          37.8353450,55.6976550,0.0
          37.8353510,55.6976850,0.0
          37.8353670,55.6977160,0.0
          37.8353860,55.6977580,0.0
          37.8354000,55.6978000,0.0
          37.8354030,55.6978280,0.0
          37.8354070,55.6978660,0.0
          37.8354050,55.6979100,0.0
          37.8354160,55.6979470,0.0
          37.8354500,55.6979880,0.0
          37.8354880,55.6980320,0.0
          37.8355260,55.6980790,0.0
          37.8355510,55.6981300,0.0
          37.8355680,55.6981770,0.0
          37.8356090,55.6982230,0.0
          37.8356600,55.6982680,0.0
          37.8357060,55.6983000,0.0
          37.8357520,55.6983220,0.0
          37.8357840,55.6983620,0.0
          37.8358350,55.6983890,0.0
          37.8358880,55.6984110,0.0
          37.8359500,55.6984400,0.0
          37.8360160,55.6984700,0.0
          37.8360890,55.6984970,0.0
          37.8361400,55.6985140,0.0
          37.8362060,55.6985280,0.0
          37.8362540,55.6985500,0.0
          37.8363040,55.6985740,0.0
          37.8363560,55.6985980,0.0
          37.8364020,55.6986180,0.0
          37.8364540,55.6986390,0.0
          37.8365170,55.6986540,0.0
          37.8365620,55.6986760,0.0
          37.8366120,55.6987010,0.0
          37.8366650,55.6987180,0.0
          37.8367150,55.6987300,0.0
          37.8367840,55.6987480,0.0
          37.8368430,55.6987650,0.0
          37.8369010,55.6987800,0.0
          37.8369520,55.6987960,0.0
          37.8370010,55.6988170,0.0
          37.8370490,55.6988280,0.0
          37.8371090,55.6988390,0.0
          37.8371560,55.6988460,0.0
          37.8372100,55.6988580,0.0
          37.8372600,55.6988540,0.0
          37.8372710,55.6988420,0.0
          37.8373010,55.6988280,0.0
          37.8373380,55.6988200,0.0
          37.8373660,55.6987980,0.0
          37.8374040,55.6987730,0.0
          37.8374360,55.6987500,0.0
          37.8374810,55.6987360,0.0
          37.8375030,55.6986860,0.0
          37.8375370,55.6986640,0.0
          37.8375620,55.6986400,0.0
          37.8375870,55.6986080,0.0
          37.8376240,55.6985850,0.0
          37.8376670,55.6985470,0.0
          37.8377080,55.6985190,0.0
          37.8377530,55.6984850,0.0
          37.8377940,55.6984500,0.0
          37.8378350,55.6984180,0.0
          37.8378730,55.6983840,0.0
          37.8379100,55.6983570,0.0
          37.8379410,55.6983190,0.0
          37.8379980,55.6983050,0.0
          37.8380450,55.6982870,0.0
          37.8380720,55.6982620,0.0
          37.8381150,55.6982360,0.0
          37.8381450,55.6982130,0.0
          37.8381880,55.6981830,0.0
          37.8382270,55.6981490,0.0
          37.8382680,55.6981160,0.0
          37.8383190,55.6980900,0.0
          37.8383510,55.6980660,0.0
          37.8384020,55.6980330,0.0
          37.8384510,55.6980020,0.0
          37.8385000,55.6979770,0.0
          37.8385570,55.6979440,0.0
          37.8386020,55.6979210,0.0
          37.8386890,55.6978950,0.0
          37.8387360,55.6978380,0.0
          37.8387840,55.6978090,0.0
          37.8388630,55.6977950,0.0
          37.8389160,55.6977800,0.0
          37.8389550,55.6977660,0.0
          37.8389470,55.6977150,0.0
          37.8389150,55.6976990,0.0
          37.8389090,55.6976690,0.0
          37.8388910,55.6976340,0.0
          37.8388750,55.6976180,0.0
          37.8388550,55.6976020,0.0
          37.8388510,55.6975850,0.0
          37.8388240,55.6975700,0.0
          37.8387950,55.6975530,0.0
          37.8387770,55.6975370,0.0
          37.8387760,55.6975280,0.0
          37.8387950,55.6975160,0.0
          37.8387900,55.6975090,0.0
          37.8387850,55.6975080,0.0
          37.8387860,55.6975110,0.0
          37.8387920,55.6975100,0.0
          37.8387940,55.6975120,0.0
          37.8387960,55.6975130,0.0
          37.8387870,55.6975120,0.0
          37.8387860,55.6975110,0.0
          37.8387860,55.6975100,0.0
          37.8387880,55.6975110,0.0
          37.8387870,55.6975100,0.0
          37.8387830,55.6975090,0.0
          37.8387780,55.6975050,0.0
          37.8387790,55.6975020,0.0
          37.8387930,55.6974970,0.0
          37.8388050,55.6974930,0.0
          37.8387840,55.6975030,0.0
          37.8387720,55.6975030,0.0
          37.8387630,55.6975050,0.0
          37.8387520,55.6975080,0.0
          37.8387500,55.6975120,0.0
          37.8387500,55.6975060,0.0
          37.8387420,55.6975170,0.0
          37.8387330,55.6975210,0.0
          37.8387250,55.6975230,0.0
          37.8387280,55.6975280,0.0
          37.8387320,55.6975310,0.0
          37.8387300,55.6975300,0.0
          37.8387300,55.6975290,0.0
          37.8387290,55.6975280,0.0
          37.8387290,55.6975270,0.0
          37.8387290,55.6975260,0.0
          37.8387260,55.6975240,0.0
          37.8387160,55.6975310,0.0
          37.8387210,55.6975160,0.0
          37.8387180,55.6975000,0.0
          37.8387100,55.6974990,0.0
          37.8387250,55.6974850,0.0
          37.8387380,55.6974840,0.0
          37.8387590,55.6974740,0.0
          37.8387580,55.6974680,0.0
          37.8387390,55.6974780,0.0
          37.8387340,55.6974830,0.0
          37.8387620,55.6974760,0.0
          37.8387640,55.6974760,0.0
          37.8387630,55.6974730,0.0
          37.8387650,55.6974700,0.0
          37.8387580,55.6974730,0.0
          37.8387480,55.6974780,0.0
          37.8387490,55.6974830,0.0
          37.8387400,55.6974930,0.0
          37.8387340,55.6974940,0.0
          37.8387200,55.6975060,0.0
          37.8387170,55.6975000,0.0
          37.8387170,55.6974950,0.0
          37.8387130,55.6975020,0.0
          37.8387130,55.6975060,0.0
          37.8387070,55.6975070,0.0
          37.8387100,55.6975100,0.0
          37.8387120,55.6975130,0.0
          37.8387040,55.6975150,0.0
          37.8387080,55.6975180,0.0
          37.8387060,55.6975170,0.0
          37.8387070,55.6975120,0.0
          37.8387070,55.6975010,0.0
          37.8387080,55.6974980,0.0
          37.8387090,55.6974930,0.0
          37.8387100,55.6974870,0.0
          37.8387100,55.6974860,0.0
          37.8387100,55.6974870,0.0
          37.8387110,55.6974860,0.0
          37.8387110,55.6974870,0.0
          37.8387140,55.6974800,0.0
          37.8387100,55.6974700,0.0
          37.8387220,55.6974610,0.0
          37.8387350,55.6974490,0.0
          37.8387380,55.6974280,0.0
          37.8387410,55.6974100,0.0
          37.8387520,55.6973910,0.0
          37.8387660,55.6973750,0.0
          37.8387930,55.6973600,0.0
          37.8388230,55.6973490,0.0
          37.8388290,55.6973410,0.0
          37.8388520,55.6973040,0.0
          37.8388840,55.6972890,0.0
          37.8389070,55.6972750,0.0
          37.8389400,55.6972540,0.0
          37.8389690,55.6972320,0.0
          37.8389880,55.6972050,0.0
          37.8390250,55.6971740,0.0
          37.8390680,55.6971520,0.0
          37.8391010,55.6971200,0.0
          37.8391430,55.6970890,0.0
          37.8391820,55.6970620,0.0
          37.8392010,55.6970220,0.0
          37.8392430,55.6969930,0.0
          37.8392790,55.6969760,0.0
          37.8393130,55.6969540,0.0
          37.8393450,55.6969380,0.0
          37.8393650,55.6969090,0.0
          37.8393970,55.6968850,0.0
          37.8394320,55.6968630,0.0
          37.8394570,55.6968400,0.0
          37.8394780,55.6968200,0.0
          37.8394980,55.6968010,0.0
          37.8395350,55.6967610,0.0
          37.8395690,55.6967340,0.0
          37.8396070,55.6966950,0.0
          37.8396290,55.6966620,0.0
          37.8396620,55.6966380,0.0
          37.8396970,55.6966110,0.0
          37.8397350,55.6965810,0.0
          37.8397710,55.6965590,0.0
          37.8397960,55.6965330,0.0
          37.8398240,55.6965030,0.0
          37.8398380,55.6964890,0.0
          37.8398640,55.6964660,0.0
          37.8398910,55.6964380,0.0
          37.8399210,55.6964120,0.0
          37.8399350,55.6963900,0.0
          37.8399530,55.6963590,0.0
          37.8399500,55.6963360,0.0
          37.8399520,55.6963140,0.0
          37.8399700,55.6962800,0.0
          37.8399740,55.6962540,0.0
          37.8399850,55.6962200,0.0
          37.8399840,55.6961930,0.0
          37.8399710,55.6961640,0.0
          37.8399420,55.6961410,0.0
          37.8399170,55.6961290,0.0
          37.8398560,55.6961190,0.0
          37.8397880,55.6961110,0.0
          37.8397190,55.6961040,0.0
          37.8396580,55.6961120,0.0
          37.8395980,55.6961340,0.0
          37.8395200,55.6961430,0.0
          37.8394500,55.6961540,0.0
          37.8393810,55.6961650,0.0
          37.8393210,55.6961750,0.0
          37.8392560,55.6961770,0.0
          37.8391950,55.6961740,0.0
          37.8391370,55.6961610,0.0
          37.8390700,55.6961450,0.0
          37.8390040,55.6961300,0.0
          37.8389390,55.6961080,0.0
          37.8388800,55.6960830,0.0
          37.8388200,55.6960540,0.0
          37.8387860,55.6960430,0.0
          37.8387320,55.6960230,0.0
          37.8386810,55.6959630,0.0
          37.8386490,55.6959280,0.0
          37.8386100,55.6959130,0.0
          37.8385640,55.6959090,0.0
          37.8385180,55.6958970,0.0
          37.8384660,55.6958620,0.0
          37.8383950,55.6957950,0.0
          37.8383610,55.6957700,0.0
          37.8383180,55.6957510,0.0
          37.8382780,55.6957080,0.0
          37.8382180,55.6956850,0.0
          37.8381670,55.6956730,0.0
          37.8381200,55.6956370,0.0
          37.8380880,55.6955840,0.0
          37.8380540,55.6955510,0.0
          37.8380050,55.6955260,0.0
          37.8379780,55.6954910,0.0
          37.8379480,55.6954490,0.0
          37.8379110,55.6953840,0.0
          37.8378860,55.6953320,0.0
          37.8378460,55.6952880,0.0
          37.8378070,55.6952650,0.0
          37.8377830,55.6952380,0.0
          37.8377500,55.6952290,0.0
          37.8377450,55.6951930,0.0
          37.8377470,55.6951740,0.0
          37.8377440,55.6951670,0.0
          37.8377260,55.6951310,0.0
          37.8377380,55.6950960,0.0
          37.8376960,55.6950700,0.0
          37.8376870,55.6950390,0.0
          37.8377240,55.6950050,0.0
          37.8377440,55.6949520,0.0
          37.8377520,55.6949060,0.0
          37.8377580,55.6948600,0.0
          37.8377470,55.6948030,0.0
          37.8377420,55.6947750,0.0
          37.8377330,55.6947620,0.0
          37.8377360,55.6947470,0.0
          37.8377330,55.6947230,0.0
          37.8377290,55.6946270,0.0
          37.8377230,55.6945920,0.0
          37.8377110,55.6945300,0.0
          37.8377070,55.6944600,0.0
          37.8376980,55.6944100,0.0
          37.8376840,55.6943850,0.0
          37.8376750,55.6943520,0.0
          37.8376320,55.6943380,0.0
          37.8376210,55.6943260,0.0
          37.8375940,55.6943090,0.0
          37.8375780,55.6942880,0.0
          37.8375520,55.6942840,0.0
          37.8375360,55.6942630,0.0
          37.8375300,55.6942490,0.0
          37.8375370,55.6942220,0.0
          37.8375370,55.6942160,0.0
          37.8375390,55.6941970,0.0
          37.8375570,55.6941770,0.0
          37.8375670,55.6941600,0.0
          37.8375640,55.6941390,0.0
          37.8375550,55.6941200,0.0
          37.8375310,55.6940810,0.0
          37.8375130,55.6940410,0.0
          37.8375040,55.6940260,0.0
          37.8374910,55.6940000,0.0
          37.8374540,55.6939450,0.0
          37.8374410,55.6939260,0.0
          37.8374340,55.6939020,0.0
          37.8374230,55.6938830,0.0
          37.8374020,55.6938370,0.0
          37.8373900,55.6938080,0.0
          37.8373800,55.6937900,0.0
          37.8373670,55.6937690,0.0
          37.8373310,55.6937410,0.0
          37.8373100,55.6937240,0.0
          37.8372850,55.6937070,0.0
          37.8372610,55.6936840,0.0
          37.8372380,55.6936660,0.0
          37.8372120,55.6936470,0.0
          37.8371590,55.6936440,0.0
          37.8371150,55.6936290,0.0
          37.8370990,55.6936120,0.0
          37.8370850,55.6935970,0.0
          37.8370740,55.6935850,0.0
          37.8370570,55.6935710,0.0
          37.8370380,55.6935660,0.0
          37.8370150,55.6935630,0.0
          37.8369980,55.6935440,0.0
          37.8369760,55.6935180,0.0
          37.8369460,55.6934840,0.0
          37.8368970,55.6934300,0.0
          37.8368760,55.6934100,0.0
          37.8368240,55.6934030,0.0
          37.8367840,55.6933790,0.0
          37.8367470,55.6933780,0.0
          37.8367150,55.6933550,0.0
          37.8366670,55.6933480,0.0
          37.8366350,55.6933440,0.0
          37.8365790,55.6933360,0.0
          37.8365600,55.6933450,0.0
          37.8365310,55.6933250,0.0
          37.8364970,55.6933130,0.0
          37.8364700,55.6933040,0.0
          37.8364400,55.6932980,0.0
          37.8364010,55.6932680,0.0
          37.8363770,55.6932550,0.0
          37.8363300,55.6932200,0.0
          37.8362910,55.6932030,0.0
          37.8362450,55.6931730,0.0
          37.8361870,55.6931480,0.0
          37.8361370,55.6931230,0.0
          37.8360980,55.6931080,0.0
          37.8360620,55.6931040,0.0
          37.8360390,55.6930900,0.0
          37.8360090,55.6930940,0.0
          37.8359820,55.6930880,0.0
          37.8359490,55.6931010,0.0
          37.8359110,55.6931100,0.0
          37.8358630,55.6931120,0.0
          37.8358230,55.6930940,0.0
          37.8357710,55.6930910,0.0
          37.8357020,55.6930700,0.0
          37.8356530,55.6930660,0.0
          37.8356060,55.6930640,0.0
          37.8355640,55.6930700,0.0
          37.8355150,55.6930770,0.0
          37.8354630,55.6930810,0.0
          37.8354420,55.6930900,0.0
          37.8353850,55.6930920,0.0
          37.8353500,55.6930910,0.0
          37.8353050,55.6931060,0.0
          37.8352440,55.6931000,0.0
          37.8351890,55.6931060,0.0
          37.8351220,55.6930950,0.0
          37.8350620,55.6931060,0.0
          37.8350080,55.6930980,0.0
          37.8349520,55.6930850,0.0
          37.8348940,55.6930800,0.0
          37.8348450,55.6930550,0.0
          37.8347730,55.6930640,0.0
          37.8347150,55.6930720,0.0
          37.8346720,55.6930690,0.0
          37.8345990,55.6930780,0.0
          37.8345420,55.6930710,0.0
          37.8344950,55.6930670,0.0
          37.8344210,55.6930710,0.0
          37.8343410,55.6930740,0.0
          37.8342720,55.6930640,0.0
          37.8342050,55.6930610,0.0
          37.8341600,55.6930410,0.0
          37.8340840,55.6930260,0.0
          37.8340260,55.6930100,0.0
          37.8339620,55.6930020,0.0
          37.8338990,55.6929980,0.0
          37.8338480,55.6929930,0.0
          37.8338200,55.6930060,0.0
          37.8337510,55.6930110,0.0
          37.8336900,55.6930160,0.0
          37.8336390,55.6930260,0.0
          37.8335910,55.6930440,0.0
          37.8335600,55.6930620,0.0
          37.8335220,55.6930770,0.0
          37.8334650,55.6930950,0.0
          37.8334110,55.6931120,0.0
          37.8333620,55.6931550,0.0
          37.8333420,55.6931750,0.0
          37.8333030,55.6931920,0.0
          37.8332720,55.6932140,0.0
          37.8332340,55.6932400,0.0
          37.8331910,55.6932670,0.0
          37.8331320,55.6932910,0.0
          37.8331440,55.6933080,0.0
          37.8331270,55.6933290,0.0
          37.8330970,55.6933650,0.0
          37.8330610,55.6933570,0.0
          37.8330230,55.6933870,0.0
          37.8330060,55.6934070,0.0
          37.8329660,55.6934230,0.0
          37.8329410,55.6934420,0.0
          37.8329170,55.6934590,0.0
          37.8329240,55.6934880,0.0
          37.8329490,55.6935280,0.0
          37.8329080,55.6935340,0.0
          37.8328890,55.6935620,0.0
          37.8328560,55.6935890,0.0
          37.8328360,55.6936200,0.0
          37.8327940,55.6936520,0.0
          37.8327500,55.6936640,0.0
          37.8326840,55.6936750,0.0
          37.8326600,55.6936960,0.0
          37.8326260,55.6937100,0.0
          37.8325930,55.6937120,0.0
          37.8325530,55.6936940,0.0
          37.8324940,55.6937070,0.0
          37.8324500,55.6937120,0.0
          37.8324050,55.6937210,0.0
          37.8323440,55.6937400,0.0
          37.8322800,55.6937520,0.0
          37.8322310,55.6937650,0.0
          37.8321930,55.6937770,0.0
          37.8321570,55.6937830,0.0
          37.8320660,55.6938000,0.0
          37.8320100,55.6938100,0.0
          37.8319790,55.6938220,0.0
          37.8319280,55.6938340,0.0
          37.8318660,55.6938440,0.0
          37.8318030,55.6938570,0.0
          37.8317410,55.6938740,0.0
          37.8316990,55.6938890,0.0
          37.8316560,55.6939000,0.0
          37.8316080,55.6939060,0.0
          37.8315530,55.6939110,0.0
          37.8315060,55.6939060,0.0
          37.8314600,55.6938620,0.0
          37.8314050,55.6938570,0.0
          37.8313570,55.6938540,0.0
          37.8312990,55.6938550,0.0
          37.8312380,55.6938530,0.0
          37.8311790,55.6938390,0.0
          37.8311090,55.6938520,0.0
          37.8310960,55.6938280,0.0
          37.8310450,55.6938010,0.0
          37.8310560,55.6937880,0.0
          37.8310540,55.6937710,0.0
          37.8310190,55.6937710,0.0
          37.8310160,55.6937550,0.0
          37.8310040,55.6937150,0.0
          37.8309820,55.6937010,0.0
          37.8309720,55.6936740,0.0
          37.8309620,55.6936530,0.0
          37.8309680,55.6936200,0.0
          37.8309620,55.6935970,0.0
          37.8309650,55.6935690,0.0
          37.8309670,55.6935280,0.0
          37.8309680,55.6935080,0.0
          37.8309730,55.6934850,0.0
          37.8309640,55.6934710,0.0
          37.8309700,55.6934270,0.0
          37.8309680,55.6934090,0.0
          37.8309770,55.6933890,0.0
          37.8309850,55.6933710,0.0
          37.8309990,55.6933350,0.0
          37.8310020,55.6932880,0.0
          37.8310040,55.6932510,0.0
          37.8310040,55.6932290,0.0
          37.8309820,55.6932160,0.0
          37.8309710,55.6931840,0.0
          37.8309840,55.6931780,0.0
          37.8309970,55.6931590,0.0
          37.8309980,55.6931420,0.0
          37.8310040,55.6931120,0.0
          37.8310090,55.6930700,0.0
          37.8310180,55.6930780,0.0
          37.8310280,55.6930400,0.0
          37.8310500,55.6930120,0.0
          37.8310900,55.6929740,0.0
          37.8311040,55.6929430,0.0
          37.8311130,55.6929130,0.0
          37.8311150,55.6928520,0.0
          37.8311090,55.6928120,0.0
          37.8310970,55.6927660,0.0
          37.8311120,55.6927270,0.0
          37.8311110,55.6927000,0.0
          37.8311050,55.6926680,0.0
          37.8311020,55.6926490,0.0
          37.8310860,55.6926270,0.0
          37.8310680,55.6925860,0.0
          37.8310510,55.6925460,0.0
          37.8310360,55.6924820,0.0
          37.8310140,55.6924430,0.0
          37.8310010,55.6924210,0.0
          37.8310200,55.6923970,0.0
          37.8310230,55.6923600,0.0
          37.8310210,55.6923220,0.0
          37.8309920,55.6922480,0.0
          37.8309910,55.6922290,0.0
          37.8309710,55.6922140,0.0
          37.8309940,55.6921840,0.0
          37.8310020,55.6921590,0.0
          37.8310110,55.6921230,0.0
          37.8310480,55.6920740,0.0
          37.8310900,55.6920500,0.0
          37.8311050,55.6920240,0.0
          37.8311150,55.6920000,0.0
          37.8311240,55.6919650,0.0
          37.8311060,55.6919540,0.0
          37.8311140,55.6919420,0.0
          37.8311200,55.6919240,0.0
          37.8311360,55.6919010,0.0
          37.8311590,55.6918760,0.0
          37.8311940,55.6918420,0.0
          37.8312160,55.6918190,0.0
          37.8312320,55.6917820,0.0
          37.8312270,55.6917540,0.0
          37.8312580,55.6917130,0.0
          37.8312600,55.6916740,0.0
          37.8312560,55.6916560,0.0
          37.8312610,55.6916460,0.0
          37.8312700,55.6916130,0.0
          37.8312640,55.6915880,0.0
          37.8312640,55.6915540,0.0
          37.8312660,55.6915210,0.0
          37.8312840,55.6914970,0.0
          37.8312920,55.6914740,0.0
          37.8313090,55.6914390,0.0
          37.8312950,55.6913780,0.0
          37.8313070,55.6913600,0.0
          37.8313100,55.6913220,0.0
          37.8313200,55.6912920,0.0
          37.8313240,55.6912680,0.0
          37.8313330,55.6912350,0.0
          37.8313510,55.6912200,0.0
          37.8313810,55.6912000,0.0
          37.8313950,55.6911950,0.0
          37.8314280,55.6911830,0.0
          37.8314580,55.6911560,0.0
          37.8314590,55.6911150,0.0
          37.8314760,55.6911000,0.0
          37.8315120,55.6910600,0.0
          37.8315330,55.6910200,0.0
          37.8315550,55.6909890,0.0
          37.8315710,55.6909670,0.0
          37.8315850,55.6909410,0.0
          37.8316060,55.6909180,0.0
          37.8316390,55.6908590,0.0
          37.8316380,55.6908460,0.0
          37.8316460,55.6908260,0.0
          37.8316620,55.6907720,0.0
          37.8316760,55.6907460,0.0
          37.8316990,55.6907050,0.0
          37.8317470,55.6906680,0.0
          37.8317670,55.6906500,0.0
          37.8317980,55.6906150,0.0
          37.8318310,55.6905800,0.0
          37.8318710,55.6905480,0.0
          37.8319130,55.6905070,0.0
          37.8319430,55.6904810,0.0
          37.8319980,55.6903880,0.0
          37.8320540,55.6903460,0.0
          37.8320850,55.6903140,0.0
          37.8321120,55.6902850,0.0
          37.8321430,55.6902600,0.0
          37.8321800,55.6902410,0.0
          37.8322150,55.6902110,0.0
          37.8322540,55.6901700,0.0
          37.8323020,55.6901250,0.0
          37.8323440,55.6900870,0.0
          37.8323730,55.6900480,0.0
          37.8324130,55.6900270,0.0
          37.8324530,55.6899830,0.0
          37.8324820,55.6899530,0.0
          37.8325100,55.6899130,0.0
          37.8325280,55.6898800,0.0
          37.8325300,55.6898520,0.0
          37.8325460,55.6898310,0.0
          37.8325260,55.6897780,0.0
          37.8324810,55.6897780,0.0
          37.8324990,55.6897080,0.0
          37.8325040,55.6896780,0.0
          37.8324820,55.6896090,0.0
          37.8324750,55.6895700,0.0
          37.8324670,55.6895500,0.0
          37.8324820,55.6895300,0.0
          37.8324790,55.6894940,0.0
          37.8324580,55.6894500,0.0
          37.8324440,55.6894240,0.0
          37.8324410,55.6893990,0.0
          37.8324240,55.6893760,0.0
          37.8324110,55.6893040,0.0
          37.8323870,55.6892750,0.0
          37.8323640,55.6892320,0.0
          37.8323600,55.6891890,0.0
          37.8323460,55.6891650,0.0
          37.8323640,55.6891470,0.0
          37.8323920,55.6891120,0.0
          37.8324140,55.6890770,0.0
          37.8324410,55.6890320,0.0
          37.8324560,55.6890220,0.0
          37.8324770,55.6889780,0.0
          37.8325010,55.6889670,0.0
          37.8325220,55.6889670,0.0
          37.8325480,55.6889410,0.0
          37.8325760,55.6889140,0.0
          37.8325970,55.6888920,0.0
          37.8326050,55.6888700,0.0
          37.8326360,55.6888310,0.0
          37.8326590,55.6887960,0.0
          37.8326690,55.6887750,0.0
          37.8326970,55.6887530,0.0
          37.8327600,55.6887130,0.0
          37.8328120,55.6886890,0.0
          37.8328610,55.6886700,0.0
          37.8328760,55.6886620,0.0
          37.8328750,55.6886490,0.0
          37.8328850,55.6886520,0.0
          37.8328640,55.6886420,0.0
          37.8328620,55.6886440,0.0
          37.8328630,55.6886500,0.0
          37.8328660,55.6886510,0.0
          37.8328670,55.6886510,0.0
          37.8328670,55.6886570,0.0
          37.8328740,55.6886550,0.0
          37.8328830,55.6886540,0.0
          37.8328880,55.6886540,0.0
          37.8328780,55.6886560,0.0
          37.8328920,55.6886500,0.0
          37.8329090,55.6886510,0.0
          37.8329130,55.6886440,0.0
          37.8329140,55.6886390,0.0
          37.8329120,55.6886360,0.0
          37.8329090,55.6886330,0.0
          37.8329110,55.6886260,0.0
          37.8329140,55.6886230,0.0
          37.8329150,55.6886220,0.0
          37.8329100,55.6886230,0.0
          37.8329120,55.6886250,0.0
          37.8329100,55.6886100,0.0
          37.8328870,55.6886080,0.0
          37.8328890,55.6885980,0.0
          37.8328870,55.6885710,0.0
          37.8328830,55.6885640,0.0
          37.8328780,55.6885500,0.0
          37.8328780,55.6885510,0.0
          37.8328780,55.6885500,0.0
          37.8328760,55.6885510,0.0
          37.8328760,55.6885500,0.0
          37.8328760,55.6885530,0.0
          37.8328770,55.6885520,0.0
          37.8328980,55.6885480,0.0
          37.8329160,55.6885470,0.0
          37.8329230,55.6885310,0.0
          37.8329020,55.6885510,0.0
          37.8329080,55.6885530,0.0
          37.8329060,55.6885500,0.0
          37.8329110,55.6885500,0.0
          37.8329280,55.6885470,0.0
          37.8329450,55.6885450,0.0
          37.8329610,55.6885320,0.0
          37.8329660,55.6885290,0.0
          37.8329620,55.6885160,0.0
          37.8329840,55.6885100,0.0
          37.8329760,55.6885110,0.0
          37.8329780,55.6885110,0.0
          37.8329860,55.6885190,0.0
          37.8329810,55.6885290,0.0
          37.8329810,55.6885280,0.0
          37.8329680,55.6885360,0.0
          37.8329620,55.6885290,0.0
          37.8329710,55.6885300,0.0
          37.8329750,55.6885310,0.0
          37.8329730,55.6885330,0.0
          37.8329700,55.6885370,0.0
          37.8329700,55.6885350,0.0
          37.8329800,55.6885330,0.0
          37.8329650,55.6885360,0.0
          37.8329650,55.6885400,0.0
          37.8329540,55.6885400,0.0
          37.8329330,55.6885430,0.0
          37.8329320,55.6885420,0.0
          37.8329160,55.6885510,0.0
          37.8329080,55.6885570,0.0
          37.8329000,55.6885610,0.0
          37.8328970,55.6885640,0.0
          37.8328960,55.6885640,0.0
          37.8329220,55.6885560,0.0
          37.8329210,55.6885470,0.0
          37.8329200,55.6885330,0.0
          37.8329220,55.6885240,0.0
          37.8329140,55.6885370,0.0
          37.8328840,55.6885360,0.0
          37.8328820,55.6885350,0.0
          37.8328610,55.6885330,0.0
          37.8328360,55.6885470,0.0
          37.8328350,55.6885450,0.0
          37.8328430,55.6885480,0.0
          37.8328240,55.6885620,0.0
          37.8328090,55.6885540,0.0
          37.8328310,55.6885560,0.0
          37.8328280,55.6885660,0.0
          37.8328100,55.6885620,0.0
          37.8327550,55.6885660,0.0
          37.8327370,55.6885660,0.0
          37.8328210,55.6885840,0.0
          37.8328230,55.6885850,0.0
          37.8328370,55.6885710,0.0
          37.8328710,55.6885620,0.0
          37.8328990,55.6885630,0.0
          37.8329180,55.6885630,0.0
          37.8329010,55.6885740,0.0
          37.8329060,55.6885850,0.0
          37.8329090,55.6885840,0.0
          37.8329260,55.6885880,0.0
          37.8329130,55.6885850,0.0
          37.8329100,55.6885830,0.0
          37.8329020,55.6885910,0.0
          37.8329030,55.6885900,0.0
          37.8329000,55.6885860,0.0
          37.8328770,55.6885920,0.0
          37.8328850,55.6885900,0.0
          37.8328910,55.6886070,0.0
          37.8328870,55.6886090,0.0
          37.8328820,55.6886090,0.0
          37.8328800,55.6886090,0.0
          37.8328800,55.6886080,0.0
          37.8328800,55.6886150,0.0
          37.8328850,55.6886130,0.0
          37.8328920,55.6886210,0.0
          37.8329110,55.6886340,0.0
          37.8329340,55.6886430,0.0
          37.8329740,55.6886570,0.0
          37.8329860,55.6886850,0.0
          37.8330070,55.6887050,0.0
          37.8330520,55.6887220,0.0
          37.8330810,55.6887450,0.0
          37.8331280,55.6887550,0.0
          37.8331570,55.6887780,0.0
          37.8331900,55.6888150,0.0
          37.8332210,55.6888510,0.0
          37.8332720,55.6888850,0.0
          37.8333220,55.6889160,0.0
          37.8333600,55.6889410,0.0
          37.8333980,55.6889640,0.0
          37.8334430,55.6889930,0.0
          37.8335290,55.6890020,0.0
          37.8335820,55.6890260,0.0
          37.8335920,55.6890680,0.0
          37.8336160,55.6890920,0.0
          37.8336660,55.6891290,0.0
          37.8337020,55.6891680,0.0
          37.8337410,55.6891970,0.0
          37.8337860,55.6892360,0.0
          37.8337960,55.6892800,0.0
          37.8338600,55.6892880,0.0
          37.8339040,55.6893080,0.0
          37.8339520,55.6893420,0.0
          37.8339820,55.6893980,0.0
          37.8339990,55.6894490,0.0
          37.8340850,55.6894730,0.0
          37.8341230,55.6895040,0.0
          37.8341780,55.6895310,0.0
          37.8342240,55.6895610,0.0
          37.8342660,55.6895920,0.0
          37.8343020,55.6896220,0.0
          37.8343300,55.6896580,0.0
          37.8343520,55.6897040,0.0
          37.8343840,55.6897510,0.0
          37.8344430,55.6897880,0.0
          37.8344750,55.6898230,0.0
          37.8344890,55.6898810,0.0
          37.8345140,55.6899250,0.0
          37.8345710,55.6899490,0.0
          37.8346220,55.6899760,0.0
          37.8346680,55.6900110,0.0
          37.8347030,55.6900580,0.0
          37.8347840,55.6900840,0.0
          37.8348270,55.6901120,0.0
          37.8348770,55.6901510,0.0
          37.8349430,55.6901770,0.0
          37.8349840,55.6902240,0.0
          37.8350100,55.6902660,0.0
          37.8350620,55.6902830,0.0
          37.8350840,55.6903190,0.0
          37.8351230,55.6903460,0.0
          37.8351800,55.6903780,0.0
          37.8352230,55.6904220,0.0
          37.8352640,55.6904530,0.0
          37.8353330,55.6904780,0.0
          37.8353830,55.6905110,0.0
          37.8354260,55.6905560,0.0
          37.8354900,55.6905780,0.0
          37.8355390,55.6906100,0.0
          37.8356050,55.6906430,0.0
          37.8356530,55.6906770,0.0
          37.8357020,55.6907130,0.0
          37.8357770,55.6907270,0.0
          37.8358150,55.6907540,0.0
          37.8358500,55.6907840,0.0
          37.8358950,55.6907690,0.0
          37.8359440,55.6908050,0.0
          37.8360030,55.6908390,0.0
          37.8360580,55.6908680,0.0
          37.8361150,55.6909250,0.0
          37.8362060,55.6909410,0.0
          37.8362440,55.6909900,0.0
          37.8362820,55.6910300,0.0
          37.8363210,55.6910590,0.0
          37.8363670,55.6910840,0.0
          37.8364080,55.6911150,0.0
          37.8364360,55.6911410,0.0
          37.8364660,55.6911880,0.0
          37.8364990,55.6912230,0.0
          37.8365770,55.6912460,0.0
          37.8366150,55.6912800,0.0
          37.8366690,55.6913140,0.0
          37.8367250,55.6913540,0.0
          37.8367710,55.6913800,0.0
          37.8368200,55.6913960,0.0
          37.8368710,55.6914280,0.0
          37.8369010,55.6914700,0.0
          37.8369390,55.6915090,0.0
          37.8369630,55.6915480,0.0
          37.8370050,55.6915800,0.0
          37.8370510,55.6916190,0.0
          37.8370750,55.6916610,0.0
          37.8371000,55.6917110,0.0
          37.8371180,55.6917640,0.0
          37.8371520,55.6918180,0.0
          37.8372200,55.6918550,0.0
          37.8372640,55.6919010,0.0
          37.8373160,55.6919530,0.0
          37.8373320,55.6920100,0.0
          37.8373510,55.6920530,0.0
          37.8373670,55.6920910,0.0
          37.8373930,55.6921540,0.0
          37.8374120,55.6922030,0.0
          37.8374320,55.6922470,0.0
          37.8374580,55.6922700,0.0
          37.8375170,55.6923080,0.0
          37.8375560,55.6923300,0.0
          37.8375680,55.6923520,0.0
          37.8376060,55.6924050,0.0
          37.8376530,55.6924640,0.0
          37.8377070,55.6925260,0.0
          37.8377150,55.6925650,0.0
          37.8377520,55.6926030,0.0
          37.8378030,55.6926560,0.0
          37.8378360,55.6927150,0.0
          37.8378860,55.6927500,0.0
          37.8379030,55.6927930,0.0
          37.8379360,55.6928340,0.0
          37.8379790,55.6928750,0.0
          37.8380100,55.6929310,0.0
          37.8380530,55.6929770,0.0
          37.8380580,55.6930420,0.0
          37.8381090,55.6930860,0.0
          37.8381490,55.6931310,0.0
          37.8381980,55.6931470,0.0
          37.8382410,55.6931660,0.0
          37.8382680,55.6932150,0.0
          37.8383410,55.6932530,0.0
          37.8383760,55.6933100,0.0
          37.8383970,55.6933560,0.0
          37.8384280,55.6934060,0.0
          37.8384570,55.6934590,0.0
          37.8384800,55.6935000,0.0
          37.8385100,55.6935440,0.0
          37.8385440,55.6936020,0.0
          37.8385890,55.6936500,0.0
          37.8386310,55.6937010,0.0
          37.8386650,55.6937520,0.0
          37.8387060,55.6937450,0.0
          37.8387380,55.6937870,0.0
          37.8387750,55.6938370,0.0
          37.8388030,55.6938850,0.0
          37.8388460,55.6939320,0.0
          37.8388740,55.6939850,0.0
          37.8389140,55.6940270,0.0
          37.8389460,55.6940760,0.0
          37.8389910,55.6941320,0.0
          37.8390230,55.6942070,0.0
          37.8390550,55.6942590,0.0
          37.8390930,55.6943470,0.0
          37.8391340,55.6943950,0.0
          37.8391770,55.6944550,0.0
          37.8392410,55.6945130,0.0
          37.8392600,55.6945530,0.0
          37.8392920,55.6945720,0.0
          37.8393270,55.6946240,0.0
          37.8393680,55.6946680,0.0
          37.8394120,55.6947140,0.0
          37.8394810,55.6946940,0.0
          37.8395130,55.6947370,0.0
          37.8395510,55.6947750,0.0
          37.8395790,55.6948200,0.0
          37.8396460,55.6948290,0.0
          37.8396810,55.6948760,0.0
          37.8397270,55.6949190,0.0
          37.8397570,55.6949640,0.0
          37.8398130,55.6950050,0.0
          37.8398790,55.6950450,0.0
          37.8398970,55.6951120,0.0
          37.8399320,55.6951610,0.0
          37.8400010,55.6952180,0.0
          37.8400360,55.6952730,0.0
          37.8400980,55.6953330,0.0
          37.8401520,55.6953670,0.0
          37.8402010,55.6954070,0.0
          37.8402460,55.6954470,0.0
          37.8402790,55.6954980,0.0
          37.8403230,55.6955420,0.0
          37.8403560,55.6955850,0.0
          37.8404100,55.6956330,0.0
          37.8404420,55.6956790,0.0
          37.8404820,55.6957260,0.0
          37.8405050,55.6957760,0.0
          37.8405350,55.6958200,0.0
          37.8405480,55.6958680,0.0
          37.8405900,55.6959140,0.0
          37.8406270,55.6959580,0.0
          37.8406680,55.6960080,0.0
          37.8406900,55.6960560,0.0
          37.8407160,55.6960970,0.0
          37.8407510,55.6961400,0.0
          37.8407910,55.6961780,0.0
          37.8408290,55.6962120,0.0
          37.8408830,55.6962440,0.0
          37.8409430,55.6962780,0.0
          37.8409990,55.6963140,0.0
          37.8410420,55.6963390,0.0
          37.8411000,55.6963580,0.0
          37.8411650,55.6963880,0.0
          37.8412280,55.6964220,0.0
          37.8412830,55.6964420,0.0
          37.8413450,55.6964550,0.0
          37.8414070,55.6964920,0.0
          37.8414550,55.6965220,0.0
          37.8415190,55.6965420,0.0
          37.8415540,55.6965700,0.0
          37.8416070,55.6965960,0.0
          37.8416430,55.6966160,0.0
          37.8416870,55.6966360,0.0
          37.8417350,55.6966540,0.0
          37.8417880,55.6966750,0.0
          37.8418120,55.6966950,0.0
          37.8418570,55.6967150,0.0
          37.8419070,55.6967380,0.0
          37.8419570,55.6967590,0.0
          37.8420020,55.6967770,0.0
          37.8420500,55.6967990,0.0
          37.8420940,55.6968240,0.0
          37.8421310,55.6968500,0.0
          37.8421740,55.6968710,0.0
          37.8422200,55.6968950,0.0
          37.8422490,55.6969230,0.0
          37.8422720,55.6969500,0.0
          37.8423090,55.6969740,0.0
          37.8423480,55.6970010,0.0
          37.8423540,55.6970300,0.0
          37.8423670,55.6970550,0.0
          37.8423900,55.6970740,0.0
          37.8423930,55.6971030,0.0
          37.8424130,55.6971190,0.0
          37.8424350,55.6971340,0.0
          37.8424920,55.6971390,0.0
          37.8425480,55.6971330,0.0
          37.8426100,55.6971320,0.0
          37.8426660,55.6971340,0.0
          37.8427170,55.6971250,0.0
          37.8427700,55.6971390,0.0
          37.8428330,55.6971340,0.0
          37.8428720,55.6971230,0.0
          37.8429250,55.6971230,0.0
          37.8429660,55.6971130,0.0
          37.8430160,55.6971070,0.0
          37.8430930,55.6970920,0.0
          37.8431510,55.6970840,0.0
          37.8432150,55.6970680,0.0
          37.8432790,55.6970630,0.0
          37.8433370,55.6970480,0.0
          37.8433930,55.6970400,0.0
          37.8434540,55.6970140,0.0
          37.8435000,55.6970140,0.0
          37.8435620,55.6970080,0.0
          37.8436200,55.6969920,0.0
          37.8436840,55.6969850,0.0
          37.8437380,55.6969780,0.0
          37.8438150,55.6969720,0.0
          37.8438760,55.6969530,0.0
          37.8439400,55.6969350,0.0
          37.8439980,55.6969240,0.0
          37.8440650,55.6969170,0.0
          37.8441380,55.6968930,0.0
          37.8442020,55.6968830,0.0
          37.8442580,55.6968710,0.0
          37.8443180,55.6968640,0.0
          37.8443730,55.6968560,0.0
          37.8444390,55.6968520,0.0
          37.8444860,55.6968430,0.0
          37.8445510,55.6968340,0.0
          37.8446150,55.6968280,0.0
          37.8446840,55.6968160,0.0
          37.8447660,55.6968070,0.0
          37.8448310,55.6968040,0.0
          37.8448990,55.6967980,0.0
          37.8449650,55.6967910,0.0
          37.8450200,55.6967910,0.0
          37.8450730,55.6967830,0.0
          37.8451340,55.6967700,0.0
          37.8452000,55.6967710,0.0
          37.8452650,55.6967570,0.0
          37.8453320,55.6967530,0.0
          37.8453980,55.6967330,0.0
          37.8454600,55.6967290,0.0
          37.8455160,55.6967140,0.0
          37.8455880,55.6966970,0.0
          37.8456590,55.6966840,0.0
          37.8457050,55.6966780,0.0
          37.8457730,55.6966570,0.0
          37.8458210,55.6966030,0.0
          37.8458890,55.6965770,0.0
          37.8459450,55.6965630,0.0
          37.8460100,55.6965570,0.0
          37.8460760,55.6965470,0.0
          37.8461460,55.6965280,0.0
          37.8462100,55.6965080,0.0
          37.8462750,55.6964880,0.0
          37.8463360,55.6964660,0.0
          37.8463920,55.6964440,0.0
          37.8464460,55.6964250,0.0
          37.8465050,55.6963950,0.0
          37.8465500,55.6963780,0.0
          37.8466130,55.6963640,0.0
          37.8466530,55.6963330,0.0
          37.8467060,55.6962990,0.0
          37.8467590,55.6962920,0.0
          37.8468120,55.6962770,0.0
          37.8468540,55.6962620,0.0
          37.8468770,55.6962420,0.0
          37.8469280,55.6962280,0.0
          37.8469740,55.6962080,0.0
          37.8470200,55.6961810,0.0
          37.8470580,55.6961680,0.0
          37.8470970,55.6961540,0.0
          37.8471400,55.6961210,0.0
          37.8471770,55.6960980,0.0
          37.8472180,55.6960790,0.0
          37.8472530,55.6960520,0.0
          37.8472800,55.6960340,0.0
          37.8473230,55.6960210,0.0
          37.8473600,55.6960100,0.0
          37.8473730,55.6959930,0.0
          37.8473950,55.6959820,0.0
          37.8474060,55.6959730,0.0
          37.8474370,55.6959630,0.0
          37.8474700,55.6959560,0.0
          37.8474940,55.6959640,0.0
          37.8475070,55.6959640,0.0
          37.8475200,55.6959630,0.0
          37.8475300,55.6959660,0.0
          37.8475360,55.6959680,0.0
          37.8475400,55.6959600,0.0
          37.8475520,55.6959460,0.0
          37.8475490,55.6959430,0.0
          37.8475530,55.6959470,0.0
          37.8475600,55.6959520,0.0
          37.8475640,55.6959560,0.0
          37.8475690,55.6959540,0.0
          37.8475670,55.6959550,0.0
          37.8475700,55.6959540,0.0
          37.8475670,55.6959540,0.0
          37.8475650,55.6959560,0.0
          37.8475660,55.6959590,0.0
          37.8475660,55.6959660,0.0
          37.8475730,55.6959730,0.0
          37.8475730,55.6959760,0.0
          37.8475710,55.6959810,0.0
          37.8475710,55.6959850,0.0
          37.8475720,55.6959920,0.0
          37.8475710,55.6959940,0.0
          37.8475750,55.6959960,0.0
          37.8475840,55.6960070,0.0
          37.8475890,55.6960070,0.0
          37.8475930,55.6960070,0.0
          37.8475900,55.6960070,0.0
          37.8475970,55.6960090,0.0
          37.8476070,55.6960210,0.0
          37.8476100,55.6960180,0.0
          37.8475930,55.6959870,0.0
          37.8475930,55.6959810,0.0
          37.8475940,55.6959800,0.0
          37.8475800,55.6959630,0.0
          37.8475820,55.6959660,0.0
          37.8475840,55.6959660,0.0
          37.8475870,55.6959660,0.0
          37.8475830,55.6959580,0.0
          37.8475800,55.6959510,0.0
          37.8475790,55.6959450,0.0
          37.8475770,55.6959440,0.0
          37.8475760,55.6959440,0.0
          37.8475820,55.6959370,0.0
          37.8475870,55.6959370,0.0
          37.8475930,55.6959310,0.0
          37.8475890,55.6959320,0.0
          37.8475900,55.6959330,0.0
          37.8475880,55.6959330,0.0
          37.8475890,55.6959380,0.0
          37.8475880,55.6959390,0.0
          37.8475860,55.6959410,0.0
          37.8475840,55.6959380,0.0
          37.8475840,55.6959260,0.0
          37.8475890,55.6959290,0.0
          37.8475890,55.6959320,0.0
          37.8475830,55.6959200,0.0
          37.8475640,55.6959190,0.0
          37.8475640,55.6959170,0.0
          37.8475770,55.6959080,0.0
          37.8475780,55.6959060,0.0
          37.8475760,55.6958860,0.0
          37.8475890,55.6958690,0.0
          37.8476130,55.6958460,0.0
          37.8476420,55.6958240,0.0
          37.8476740,55.6958060,0.0
          37.8477030,55.6957940,0.0
          37.8477260,55.6957800,0.0
          37.8477640,55.6957570,0.0
          37.8478060,55.6957280,0.0
          37.8478710,55.6957130,0.0
          37.8479180,55.6956930,0.0
          37.8479590,55.6956710,0.0
          37.8480140,55.6956330,0.0
          37.8480590,55.6956040,0.0
          37.8481040,55.6955720,0.0
          37.8481440,55.6955320,0.0
          37.8481960,55.6955030,0.0
          37.8482290,55.6954790,0.0
          37.8482680,55.6954530,0.0
          37.8483020,55.6954340,0.0
          37.8483280,55.6954170,0.0
          37.8483600,55.6953900,0.0
          37.8483980,55.6953630,0.0
          37.8484340,55.6953340,0.0
          37.8484710,55.6953060,0.0
          37.8485220,55.6952520,0.0
          37.8485700,55.6952150,0.0
          37.8486080,55.6951940,0.0
          37.8486570,55.6951620,0.0
          37.8486970,55.6951230,0.0
          37.8487360,55.6950890,0.0
          37.8487900,55.6950660,0.0
          37.8488540,55.6950380,0.0
          37.8489080,55.6950000,0.0
          37.8489530,55.6949650,0.0
          37.8489960,55.6949290,0.0
          37.8490570,55.6949010,0.0
          37.8491150,55.6948250,0.0
          37.8491560,55.6947470,0.0
          37.8492020,55.6947060,0.0
          37.8492400,55.6946610,0.0
          37.8492830,55.6946060,0.0
          37.8493380,55.6945610,0.0
          37.8493990,55.6945070,0.0
          37.8494300,55.6944620,0.0
          37.8494400,55.6943910,0.0
          37.8494810,55.6943410,0.0
          37.8495060,55.6943190,0.0
          37.8495490,55.6942670,0.0
          37.8495640,55.6942400,0.0
          37.8495860,55.6942160,0.0
          37.8496110,55.6941850,0.0
          37.8496310,55.6941490,0.0
          37.8496500,55.6941150,0.0
          37.8496840,55.6940820,0.0
          37.8497140,55.6940160,0.0
          37.8497270,55.6939660,0.0
          37.8497400,55.6939250,0.0
          37.8497450,55.6938920,0.0
          37.8497750,55.6938400,0.0
          37.8498230,55.6937870,0.0
          37.8498260,55.6937520,0.0
          37.8498270,55.6936980,0.0
          37.8498440,55.6936560,0.0
          37.8498810,55.6936090,0.0
          37.8498990,55.6935590,0.0
          37.8499140,55.6935120,0.0
          37.8499030,55.6934800,0.0
          37.8498660,55.6934590,0.0
          37.8498720,55.6934180,0.0
          37.8498730,55.6933730,0.0
          37.8498780,55.6933430,0.0
          37.8498830,55.6932940,0.0
          37.8498920,55.6932480,0.0
          37.8499160,55.6932030,0.0
          37.8499350,55.6931610,0.0
          37.8499440,55.6931220,0.0
          37.8499430,55.6930800,0.0
          37.8499690,55.6930360,0.0
          37.8499830,55.6930040,0.0
          37.8499880,55.6929760,0.0
          37.8499940,55.6929400,0.0
          37.8500080,55.6929070,0.0
          37.8500080,55.6928760,0.0
          37.8499980,55.6928290,0.0
          37.8500250,55.6927890,0.0
          37.8500440,55.6927510,0.0
          37.8500580,55.6927160,0.0
          37.8500870,55.6926820,0.0
          37.8501140,55.6926400,0.0
          37.8501220,55.6925920,0.0
          37.8501290,55.6925550,0.0
          37.8501390,55.6925080,0.0
          37.8501470,55.6924660,0.0
          37.8501450,55.6924210,0.0
          37.8501440,55.6923820,0.0
          37.8501550,55.6923330,0.0
          37.8501670,55.6922920,0.0
          37.8501600,55.6922740,0.0
          37.8501960,55.6922160,0.0
          37.8501970,55.6921860,0.0
          37.8501960,55.6921560,0.0
          37.8501970,55.6921250,0.0
          37.8501990,55.6920890,0.0
          37.8501930,55.6920480,0.0
          37.8501760,55.6920130,0.0
          37.8501970,55.6919960,0.0
          37.8502030,55.6919840,0.0
          37.8501950,55.6919710,0.0
          37.8501970,55.6919740,0.0
          37.8502060,55.6919720,0.0
          37.8501950,55.6919700,0.0
          37.8501820,55.6919760,0.0
          37.8501800,55.6919750,0.0
          37.8501830,55.6919780,0.0
          37.8501760,55.6919790,0.0
          37.8501840,55.6919780,0.0
          37.8501850,55.6919750,0.0
          37.8501790,55.6919740,0.0
          37.8501820,55.6919690,0.0
          37.8501880,55.6919760,0.0
          37.8501940,55.6919800,0.0
          37.8501770,55.6919890,0.0
          37.8501500,55.6919920,0.0
          37.8501420,55.6919860,0.0
          37.8501400,55.6920030,0.0
          37.8501550,55.6920090,0.0
          37.8500990,55.6920290,0.0
          37.8500940,55.6920310,0.0
          37.8501110,55.6920260,0.0
          37.8501160,55.6920270,0.0
          37.8501120,55.6920290,0.0
          37.8501040,55.6920290,0.0
          37.8501030,55.6920300,0.0
          37.8501070,55.6920280,0.0
          37.8501040,55.6920260,0.0
          37.8501020,55.6920270,0.0
          37.8501040,55.6920240,0.0
          37.8501090,55.6920210,0.0
          37.8501090,55.6920190,0.0
          37.8501170,55.6920160,0.0
          37.8501210,55.6920160,0.0
          37.8501250,55.6920140,0.0
          37.8501280,55.6920110,0.0
          37.8501320,55.6920100,0.0
          37.8501330,55.6920130,0.0
          37.8501410,55.6920100,0.0
          37.8501500,55.6920110,0.0
          37.8501550,55.6920080,0.0
        </coordinates>
      </LineString>
    </Placemark>
  </Document>
</kml>
